compound_ids,canonical_smiles,measured_logS,replicate_n,replicate_std,replicate_range,curation_action,desc_mol_weight,desc_logp,desc_tpsa,desc_hbd,desc_hba,desc_rotatable_bonds,desc_ring_count,desc_aromatic_ring_count,desc_heavy_atom_count,desc_fraction_csp3
Amigdalin,N#CC(OC1OC(COC2OC(CO)C(O)C(O)C2O)C(O)C(O)C1O)c1ccccc1,-0.77,1,,0.0,unique_keep,457.4320000000001,-3.108019999999997,202.32,7,12,7,3,1,32,0.65
Fenfuram,Cc1occc1C(=O)Nc1ccccc1,-3.3,1,,0.0,unique_keep,201.22500000000002,2.840320000000001,42.24,1,2,2,2,2,15,0.08333333333333333
citral,CC(C)=CCCC(C)=CC=O,-2.06,1,,0.0,unique_keep,152.237,2.878000000000001,17.07,0,1,4,0,0,11,0.5
Picene,c1ccc2c(c1)ccc1c2ccc2c3ccccc3ccc21,-7.87,1,,0.0,unique_keep,278.354,6.299400000000004,0.0,0,0,0,5,5,22,0.0
Thiophene,c1ccsc1,-1.33,1,,0.0,unique_keep,84.14299999999999,1.7480999999999998,0.0,0,1,0,1,1,5,0.0
benzothiazole,c1ccc2scnc2c1,-1.5,1,,0.0,unique_keep,135.191,2.2962999999999996,12.89,0,2,0,2,2,9,0.0
"2,2,4,6,6'-PCB",Clc1cc(Cl)c(-c2c(Cl)cccc2Cl)c(Cl)c1,-7.32,1,,0.0,unique_keep,326.437,6.620600000000001,0.0,0,0,1,2,2,17,0.0
Estradiol,CC12CCC3c4ccc(O)cc4CCC3C1CCC2O,-5.03,1,,0.0,unique_keep,272.3879999999999,3.6092000000000026,40.46,2,2,0,4,1,20,0.6666666666666666
Dieldrin,ClC1=C(Cl)C2(Cl)C3C4CC(C5OC45)C3C1(Cl)C2(Cl)Cl,-6.29,1,,0.0,unique_keep,380.913,4.481400000000002,12.53,0,1,0,5,0,19,0.8333333333333334
Rotenone,C=C(C)C1Cc2c(ccc3c2OC2COc4cc(OC)c(OC)cc4C2C3=O)O1,-4.42,1,,0.0,unique_keep,394.4230000000001,3.7033000000000023,63.22,0,6,3,5,2,29,0.34782608695652173
2-pyrrolidone,O=C1CCCN1,1.07,1,,0.0,unique_keep,85.10600000000001,-0.10360000000000008,29.1,1,1,0,1,0,6,0.75
2-Chloronapthalene,Clc1ccc2ccccc2c1,-4.14,1,,0.0,unique_keep,162.61899999999997,3.4932000000000016,0.0,0,0,0,2,2,11,0.0
1-Pentene ,C=CCCC,-2.68,1,,0.0,unique_keep,70.13499999999999,1.9725,0.0,0,0,2,0,0,5,0.6
Primidone,CCC1(c2ccccc2)C(=O)NCNC1=O,-2.64,1,,0.0,unique_keep,218.25599999999994,0.5378999999999999,58.2,2,2,2,2,1,16,0.3333333333333333
Tetradecane,CCCCCCCCCCCCCC,-7.96,1,,0.0,unique_keep,198.39399999999995,5.707400000000006,0.0,0,0,11,0,0,14,1.0
2-Chloropropane,CC(C)Cl,-1.41,1,,0.0,unique_keep,78.542,1.6336,0.0,0,0,0,0,0,4,1.0
2-Methylbutanol,CCC(C)CO,-0.47,1,,0.0,unique_keep,88.14999999999999,1.0248,20.23,1,1,2,0,0,6,1.0
Benzonitrile,N#Cc1ccccc1,-1.0,1,,0.0,unique_keep,103.12399999999997,1.5582799999999999,23.79,0,1,0,1,1,8,0.0
Diazinon,CCOP(=S)(OCC)Oc1cc(C)nc(C(C)C)n1,-3.64,1,,0.0,unique_keep,304.35200000000003,3.5847200000000026,53.47,0,6,7,1,1,19,0.6666666666666666
2-Undecanol,CCCCCCCCCC(C)O,-2.94,1,,0.0,unique_keep,172.312,3.5079000000000025,20.23,1,1,8,0,0,12,1.0
"2,2',3,4,6-PCB",Clc1ccc(-c2c(Cl)ccc(Cl)c2Cl)c(Cl)c1,-7.43,1,,0.0,unique_keep,326.437,6.620600000000001,0.0,0,0,1,2,2,17,0.0
Lenacil,O=c1[nH]c2c(c(=O)n1C1CCCCC1)CCC2,-4.593999999999999,1,,0.0,unique_keep,234.2989999999999,1.5305,54.86,1,2,1,3,1,17,0.6923076923076923
Phorate,CCOP(=S)(OCC)SCSCC,-4.11,1,,0.0,unique_keep,260.38599999999997,3.727700000000003,18.46,0,5,8,0,0,13,1.0
Phenacetin,CCOc1ccc(NC(C)=O)cc1,-2.35,1,,0.0,unique_keep,179.219,2.0437,38.33,1,2,3,1,1,13,0.3
Dinitramine,CCN(CC)c1c([N+](=O)[O-])cc(C(F)(F)F)c(N)c1[N+](=O)[O-],-5.47,1,,0.0,unique_keep,322.24300000000005,2.9502000000000006,115.53999999999999,1,6,5,1,1,22,0.45454545454545453
1-Heptanol,CCCCCCCO,-1.81,1,,0.0,unique_keep,116.204,1.9491,20.23,1,1,5,0,0,8,1.0
Theophylline,Cn1c(=O)c2[nH]cnc2n(C)c1=O,-1.39,1,,0.0,unique_keep,180.16699999999997,-1.0397000000000005,72.68,1,3,0,2,2,13,0.2857142857142857
Butethal,CCCCC1(CC)C(=O)NC(=O)NC1=O,-1.661,1,,0.0,unique_keep,212.249,0.9389999999999998,75.27000000000001,2,3,4,1,0,15,0.7
"P,P'-DDE",ClC(Cl)=C(c1ccc(Cl)cc1)c1ccc(Cl)cc1,-6.9,1,,0.0,unique_keep,318.0300000000001,6.187900000000003,0.0,0,0,2,2,2,18,0.0
Methyl octanoate,CCCCCCCC(=O)OC,-3.17,1,,0.0,unique_keep,158.24099999999999,2.5199000000000007,26.3,0,2,6,0,0,11,0.8888888888888888
"1,4-Diethylbenzene ",CCc1ccc(CC)cc1,-3.75,1,,0.0,unique_keep,134.22199999999998,2.811400000000001,0.0,0,0,2,1,1,10,0.4
Terbufos,CCOP(=S)(OCC)SCSC(C)(C)C,-4.755,1,,0.0,unique_keep,288.44,4.506300000000004,18.46,0,5,7,0,0,15,1.0
Phenmedipham,COC(=O)Nc1cccc(OC(=O)Nc2cccc(C)c2)c1,-4.805,1,,0.0,unique_keep,300.314,3.784220000000002,76.66,2,4,3,2,2,22,0.125
"1,1-Dichloroethylene",C=C(Cl)Cl,-1.64,1,,0.0,unique_keep,96.944,1.9352,0.0,0,0,0,0,0,4,0.0
1-Methylfluorene,Cc1cccc2c1Cc1ccccc1-2,-5.22,1,,0.0,unique_keep,180.25000000000003,3.566220000000002,0.0,0,0,0,3,2,14,0.14285714285714285
Valeraldehyde,CCCCC=O,-0.85,1,,0.0,unique_keep,86.13399999999999,1.3755,17.07,0,1,3,0,0,6,0.8
Diphenylamine,c1ccc(Nc2ccccc2)cc1,-3.504,1,,0.0,unique_keep,169.227,3.430200000000001,12.03,1,1,2,2,2,13,0.0
Fenothiocarb,CN(C)C(=O)SCCCCOc1ccccc1,-3.927,1,,0.0,unique_keep,253.367,3.2604000000000024,29.540000000000003,0,3,6,1,1,17,0.46153846153846156
Piperophos,CCCOP(=S)(OCCC)SCC(=O)N1CCCCC1C,-4.15,1,,0.0,unique_keep,353.4900000000001,4.198300000000004,38.77,0,5,9,1,0,21,0.9285714285714286
1-Iodoheptane,CCCCCCCI,-4.81,1,,0.0,unique_keep,226.101,3.3918000000000026,0.0,0,0,5,0,0,8,1.0
3-Chlorobiphenyl,Clc1cccc(-c2ccccc2)c1,-4.88,1,,0.0,unique_keep,188.657,4.007000000000002,0.0,0,0,1,2,2,13,0.0
4-Pentene-1-ol,C=CCCCO,-0.15,1,,0.0,unique_keep,86.13399999999999,0.9448999999999999,20.23,1,1,3,0,0,6,0.6
Cyclobutyl-5-spirobarbituric acid,O=C1NC(=O)C2(CCC2)C(=O)N1,-1.655,1,,0.0,unique_keep,168.15200000000002,-0.4773,75.27,2,3,0,2,0,12,0.5714285714285714
menthol,CC1CCC(C(C)C)C(O)C1,-2.53,1,,0.0,unique_keep,156.26899999999998,2.4395000000000007,20.23,1,1,1,1,0,11,1.0
Isopropyl formate,CC(C)OC=O,-0.63,1,,0.0,unique_keep,88.106,0.5678,26.3,0,2,2,0,0,6,0.75
2-Heptanol ,CCCCCC(C)O,-1.55,1,,0.0,unique_keep,116.20399999999998,1.9475000000000002,20.23,1,1,4,0,0,8,1.0
p-Bromoacetanilide,CC(=O)Nc1ccc(Br)cc1,-3.083,1,,0.0,unique_keep,214.06199999999998,2.4074999999999998,29.1,1,1,1,1,1,11,0.125
brompyrazone,Nc1cnn(-c2ccccc2)c(=O)c1Br,-3.127,1,,0.0,unique_keep,266.09799999999996,1.5772000000000002,60.91,1,3,1,2,2,15,0.0
nifedipine,COC(=O)C1=C(C)NC(C)=C(C(=O)OC)C1c1ccccc1[N+](=O)[O-],-4.76,1,,0.0,unique_keep,346.33900000000006,2.1756,107.77000000000001,1,7,4,2,1,25,0.29411764705882354
"2,7-dimethylquinoline",Cc1ccc2ccc(C)nc2c1,-1.94,1,,0.0,unique_keep,157.21599999999998,2.8516400000000006,12.89,0,1,0,2,2,12,0.18181818181818182
1-Octyne ,C#CCCCCCC,-3.66,1,,0.0,unique_keep,110.2,2.5900000000000007,0.0,0,0,4,0,0,8,0.75
cyclobarbital,CCC1(C2=CCCCC2)C(=O)NC(=O)NC1=O,-2.17,1,,0.0,unique_keep,236.271,1.2491999999999996,75.27000000000001,2,3,2,2,0,17,0.5833333333333334
Chrysene,c1ccc2c(c1)ccc1c3ccccc3ccc21,-8.057,1,,0.0,unique_keep,228.29399999999998,5.146200000000003,0.0,0,0,0,4,4,18,0.0
Bromacil,CCC(C)n1c(=O)[nH]c(C)c(Br)c1=O,-2.523,1,,0.0,unique_keep,261.11899999999997,1.5785200000000001,54.86,1,2,2,1,1,14,0.5555555555555556
"2,2',3,3',5,6-PCB",Clc1cccc(-c2c(Cl)c(Cl)cc(Cl)c2Cl)c1Cl,-8.6,1,,0.0,unique_keep,360.88200000000006,7.274000000000001,0.0,0,0,1,2,2,18,0.0
2-Methylphenol,Cc1ccccc1O,-0.62,1,,0.0,unique_keep,108.13999999999999,1.70062,20.23,1,1,0,1,1,8,0.14285714285714285
"2,2,5-Trimethylhexane",CC(C)CCC(C)(C)C,-5.05,1,,0.0,unique_keep,128.259,3.468700000000003,0.0,0,0,2,0,0,9,1.0
"1,4-Dimethylnaphthalene ",Cc1ccc(C)c2ccccc12,-4.14,1,,0.0,unique_keep,156.228,3.456640000000002,0.0,0,0,0,2,2,12,0.16666666666666666
6-Methylchrysene,Cc1cc2c3ccccc3ccc2c2ccccc12,-6.57,1,,0.0,unique_keep,242.321,5.454620000000004,0.0,0,0,0,4,4,19,0.05263157894736842
2-Pentanone,CCCC(C)=O,-0.19,1,,0.0,unique_keep,86.13399999999999,1.3755,17.07,0,1,2,0,0,6,0.8
"2,2',3,3',5,5',6,6'-PCB",Clc1cc(Cl)c(Cl)c(-c2c(Cl)c(Cl)cc(Cl)c2Cl)c1Cl,-9.15,1,,0.0,unique_keep,429.77200000000016,8.580799999999998,0.0,0,0,1,2,2,20,0.0
Methyl butyrate,CCCOC(=O)CC,-0.82,1,,0.0,unique_keep,116.15999999999998,1.3496000000000001,26.3,0,2,3,0,0,8,0.8333333333333334
Triamcinolone,CC12C=CC(=O)C=C1CCC1C3CC(O)C(O)(C(=O)CO)C3(C)CC(O)C12F,-3.68,1,,0.0,unique_keep,394.4390000000002,0.6204999999999998,115.06,4,6,2,4,0,28,0.7142857142857143
p-Aminophenol,Nc1ccc(O)cc1,-0.8,1,,0.0,unique_keep,109.12799999999999,0.9743999999999999,46.25,2,2,0,1,1,8,0.0
Benznidazole,O=C(Cn1ccnc1[N+](=O)[O-])NCc1ccccc1,-2.81,1,,0.0,unique_keep,260.253,1.1077,90.06,1,4,5,2,2,19,0.16666666666666666
"Atovaquone(0,430mg/ml) - neutral",O=C1C(O)=C(C2CCC(c3ccc(Cl)cc3)CC2)C(=O)c2ccccc21,-5.931,1,,0.0,unique_keep,366.84400000000016,5.505100000000004,54.37,1,3,2,4,2,26,0.2727272727272727
Trietazine,CCNc1nc(Cl)nc(N(CC)CC)n1,-4.06,1,,0.0,unique_keep,229.71499999999997,1.803,53.940000000000005,1,5,5,1,1,15,0.6666666666666666
Pyrazinamide,NC(=O)c1cnccn1,-0.667,1,,0.0,unique_keep,123.11499999999998,-0.4245000000000001,68.87,1,3,1,1,1,9,0.0
Carbromal,CCC(Br)(CC)C(=O)NC(N)=O,-2.68,1,,0.0,unique_keep,237.09699999999998,1.1349999999999998,72.19,2,2,3,0,0,12,0.7142857142857143
"2,2'-PCB",Clc1ccccc1-c1ccccc1Cl,-5.27,1,,0.0,unique_keep,223.102,4.660400000000002,0.0,0,0,1,2,2,14,0.0
nitrofurantoin,O=C1CN(N=Cc2ccc([N+](=O)[O-])o2)C(=O)N1,-3.38,1,,0.0,unique_keep,238.15899999999996,0.07349999999999995,118.05000000000001,1,6,3,2,1,17,0.125
Nitrofen,O=[N+]([O-])c1ccc(Oc2ccc(Cl)cc2Cl)cc1,-5.46,1,,0.0,unique_keep,284.098,4.693900000000002,52.370000000000005,0,3,3,2,2,18,0.0
Camphor,CC12CCC(CC1=O)C2(C)C,-1.96,1,,0.0,unique_keep,152.237,2.401700000000001,17.07,0,1,0,2,0,11,0.9
5-Allyl-5-phenylbarbital,C=CCC1(c2ccccc2)C(=O)NC(=O)NC1=O,-2.369,1,,0.0,unique_keep,244.24999999999997,0.8664999999999996,75.27000000000001,2,3,3,2,1,18,0.15384615384615385
Pentyl propanoate,CCCCC(=O)OCC,-2.25,1,,0.0,unique_keep,130.18699999999998,1.7397,26.3,0,2,4,0,0,9,0.8571428571428571
Isopentyl acetate,CC(=O)OCCC(C)C,-1.92,1,,0.0,unique_keep,130.18699999999998,1.5956000000000001,26.3,0,2,3,0,0,9,0.8571428571428571
3-Hexanoyloxymethylphenyltoin,CCCCCC(=O)OCN1C(=O)NC(c2ccccc2)(c2ccccc2)C1=O,-5.886,1,,0.0,unique_keep,380.4440000000001,3.5630000000000024,75.71000000000001,1,4,8,3,2,28,0.3181818181818182
"2,3',5-PCB",Clc1cccc(-c2cc(Cl)ccc2Cl)c1,-6.01,1,,0.0,unique_keep,257.54699999999997,5.313800000000002,0.0,0,0,1,2,2,15,0.0
1-Bromopropane,CCCBr,-1.73,1,,0.0,unique_keep,122.993,1.7913000000000001,0.0,0,0,1,0,0,4,1.0
Propiconazole,CCCC1COC(Cn2cncn2)(c2ccc(Cl)cc2Cl)O1,-3.4930000000000003,1,,0.0,unique_keep,342.2260000000001,3.653400000000003,49.17,0,4,5,3,2,22,0.4666666666666667
Formothion,COP(=S)(OC)SCC(=O)N(C)C=O,-1.995,1,,0.0,unique_keep,257.27299999999997,0.8516999999999999,55.84,0,6,6,0,0,14,0.6666666666666666
4-methylpteridine,Cc1ncnc2nccnc12,-0.466,1,,0.0,unique_keep,146.15299999999996,0.7282199999999999,51.56,0,4,0,2,2,11,0.14285714285714285
Thiourea,NC(N)=S,0.32,1,,0.0,unique_keep,76.124,-0.8113000000000001,52.04,2,1,0,0,0,4,0.0
p-Xylene ,Cc1ccc(C)cc1,-2.77,1,,0.0,unique_keep,106.16799999999999,2.30344,0.0,0,0,0,1,1,8,0.25
"1,2-Diethylbenzene",CCc1ccccc1CC,-3.28,1,,0.0,unique_keep,134.22199999999998,2.811400000000001,0.0,0,0,2,1,1,10,0.4
Hexachloroethane,ClC(Cl)(Cl)C(Cl)(Cl)Cl,-3.67,1,,0.0,unique_keep,236.74,3.7268,0.0,0,0,0,0,0,8,1.0
Flucythrinate,CC(C)C(C(=O)OC(C#N)c1cccc(Oc2ccccc2)c1)c1ccc(OC(F)F)cc1,-6.876,1,,0.0,unique_keep,451.46900000000005,6.627980000000005,68.55000000000001,0,5,9,3,3,33,0.23076923076923078
1-Nitropropane,CCC[N+](=O)[O-],-0.8,1,,0.0,unique_keep,89.09399999999998,0.6731,43.14,0,2,2,0,0,6,1.0
Menthone,CC1CCC(C(C)C)C(=O)C1,-2.35,1,,0.0,unique_keep,154.25299999999996,2.6477000000000013,17.07,0,1,1,1,0,11,0.9
RTI 24,CCN1c2cc(Cl)ccc2NC(=O)c2cccnc21,-5.36,1,,0.0,unique_keep,273.723,3.458700000000001,45.230000000000004,1,3,1,3,2,19,0.14285714285714285
"2,3-Dichloronitrobenzene",O=[N+]([O-])c1cccc(Cl)c1Cl,-3.48,1,,0.0,unique_keep,192.00099999999998,2.901600000000001,43.14,0,2,1,1,1,11,0.0
thiamylal,C=CCC1(C(C)CCC)C(=O)NC(=S)NC1=O,-3.46,1,,0.0,unique_keep,254.355,1.5159999999999998,58.2,2,3,5,1,0,17,0.5833333333333334
Fluoranthene,c1ccc2c(c1)-c1cccc3cccc-2c13,-6.0,1,,0.0,unique_keep,202.25599999999997,4.487200000000002,0.0,0,0,0,4,3,16,0.0
Propylisopropylether,CCCOC(C)C,-1.34,1,,0.0,unique_keep,102.17699999999998,1.8214000000000001,9.23,0,1,3,0,0,7,1.0
"1,3-Dimethylnaphthalene",Cc1cc(C)c2ccccc2c1,-4.29,1,,0.0,unique_keep,156.22799999999998,3.456640000000002,0.0,0,0,0,2,2,12,0.16666666666666666
diethylstilbestrol,CCC(=C(CC)c1ccc(O)cc1)c1ccc(O)cc1,-4.07,1,,0.0,unique_keep,268.356,4.828600000000005,40.46,2,2,4,2,2,20,0.2222222222222222
Chlorothalonil,N#Cc1c(Cl)c(Cl)c(Cl)c(C#N)c1Cl,-5.64,1,,0.0,unique_keep,265.914,4.04356,47.58,0,2,0,1,1,14,0.0
"2,3',4',5-PCB",Clc1ccc(Cl)c(-c2ccc(Cl)c(Cl)c2)c1,-7.25,1,,0.0,unique_keep,291.992,5.967200000000002,0.0,0,0,1,2,2,16,0.0
styrene oxide,c1ccc(C2CO2)cc1,-1.6,1,,0.0,unique_keep,120.15099999999997,1.7578999999999998,12.53,0,1,1,2,1,9,0.25
Isopropylbenzene ,CC(C)c1ccccc1,-3.27,1,,0.0,unique_keep,120.19499999999995,2.8100000000000014,0.0,0,0,1,1,1,9,0.3333333333333333
Deoxycorticosterone,CC12CCC(=O)C=C1CCC1C2CCC2(C)C(C(=O)CO)CCC12,-3.45,1,,0.0,unique_keep,330.46800000000013,3.6959000000000026,54.370000000000005,1,3,2,4,0,24,0.8095238095238095
chlorquinox,Clc1c(Cl)c(Cl)c2nccnc2c1Cl,-5.43,1,,0.0,unique_keep,267.93,4.2434,25.78,0,2,0,2,2,14,0.0
L-arabinose,OC1COC(O)C(O)C1O,0.39,1,,0.0,unique_keep,150.13,-2.5823000000000005,90.15,4,5,0,1,0,10,1.0
Dichloromethane,ClCCl,-0.63,1,,0.0,unique_keep,84.93299999999999,1.4215,0.0,0,0,0,0,0,3,1.0
1-Ethylnaphthalene ,CCc1cccc2ccccc12,-4.17,1,,0.0,unique_keep,156.22799999999998,3.4022000000000023,0.0,0,0,1,2,2,12,0.16666666666666666
Methyl formate,COC=O,0.58,1,,0.0,unique_keep,60.05200000000001,-0.2108000000000001,26.3,0,2,1,0,0,4,0.5
o-Nitrophenol,O=[N+]([O-])c1ccccc1O,-1.74,1,,0.0,unique_keep,139.10999999999999,1.3003999999999998,63.370000000000005,1,3,1,1,1,10,0.0
thymine,Cc1c[nH]c(=O)[nH]c1=O,-1.506,1,,0.0,unique_keep,126.115,-0.6283800000000002,65.72,2,2,0,1,1,9,0.2
2-Methylpropane,CC(C)C,-2.55,1,,0.0,unique_keep,58.123999999999995,1.6622999999999999,0.0,0,0,0,0,0,4,1.0
Inosine,OCC1OC(n2cnc3c(O)ncnc32)C(O)C1O,-1.23,1,,0.0,unique_keep,268.22900000000004,-1.8566000000000003,133.75,4,8,2,3,2,19,0.5
Ioxynil,N#Cc1cc(I)c(O)c(I)c1,-3.61,1,,0.0,unique_keep,370.91499999999996,2.4730799999999995,44.019999999999996,1,2,0,1,1,11,0.0
Niclosamide,O=C(Nc1ccc([N+](=O)[O-])cc1Cl)c1cc(Cl)ccc1O,-4.7,1,,0.0,unique_keep,327.12300000000005,3.859500000000001,92.47,2,4,3,2,2,21,0.0
Pentane,CCCCC,-3.18,1,,0.0,unique_keep,72.151,2.1965000000000003,0.0,0,0,2,0,0,5,1.0
Phenol,Oc1ccccc1,0.0,1,,0.0,unique_keep,94.11299999999999,1.3921999999999999,20.23,1,1,0,1,1,7,0.0
2-aminoanthracene,Nc1ccc2cc3ccccc3cc2c1,-5.17,1,,0.0,unique_keep,193.249,3.5752000000000015,26.02,1,1,0,3,3,15,0.0
theobromine,Cn1cnc2c1c(=O)[nH]c(=O)n2C,-2.523,1,,0.0,unique_keep,180.16699999999997,-1.0397,72.68,1,3,0,2,2,13,0.2857142857142857
Isoquinoline,c1ccc2cnccc2c1,-1.45,1,,0.0,unique_keep,129.16199999999998,2.2348,12.89,0,1,0,2,2,10,0.0
Anilofos,COP(=S)(OC)SCC(=O)N(c1ccc(Cl)cc1)C(C)C,-4.432,1,,0.0,unique_keep,367.86,4.331900000000004,38.77,0,5,7,1,1,21,0.46153846153846156
Hexylbenzene ,CCCCCCc1ccccc1,-5.21,1,,0.0,unique_keep,162.276,3.809400000000003,0.0,0,0,5,1,1,12,0.5
2-Chlorobiphenyl,Clc1ccccc1-c1ccccc1,-4.54,1,,0.0,unique_keep,188.657,4.007000000000002,0.0,0,0,1,2,2,13,0.0
2-Methyl-1-Pentene,C=C(C)CCC,-3.03,1,,0.0,unique_keep,84.16199999999999,2.3626000000000005,0.0,0,0,2,0,0,6,0.6666666666666666
"2,3,4-Trimethylpentane",CC(C)C(C)C(C)C,-4.8,1,,0.0,unique_keep,114.23199999999999,2.9345000000000017,0.0,0,0,2,0,0,8,1.0
Pentachlorobenzene,Clc1cc(Cl)c(Cl)c(Cl)c1Cl,-5.65,1,,0.0,unique_keep,250.339,4.9536,0.0,0,0,0,1,1,11,0.0
m-Nitrophenol,O=[N+]([O-])c1cccc(O)c1,-1.01,1,,0.0,unique_keep,139.10999999999999,1.3004,63.370000000000005,1,3,1,1,1,10,0.0
1-Decene,C=CCCCCCCCC,-5.51,1,,0.0,unique_keep,140.27,3.9230000000000027,0.0,0,0,7,0,0,10,0.8
Glyceryl triacetate,CC(=O)OCC(COC(C)=O)OC(C)=O,-0.6,1,,0.0,unique_keep,218.20499999999998,0.044299999999999784,78.9,0,6,5,0,0,15,0.6666666666666666
dimethirimol,CCCCc1c(C)nc(N(C)C)nc1O,-2.24,1,,0.0,unique_keep,209.29299999999998,1.8992200000000001,49.25,1,4,4,1,1,15,0.6363636363636364
Cyfluthrin,CC1(C)C(C=C(Cl)Cl)C1C(=O)OC(C#N)c1ccc(F)c(Oc2ccccc2)c1,-7.337000000000001,1,,0.0,unique_keep,434.29400000000015,6.317080000000003,59.32000000000001,0,4,6,3,2,29,0.2727272727272727
Pyridine,c1ccncc1,0.76,1,,0.0,unique_keep,79.10199999999998,1.0816,12.89,0,1,0,1,1,6,0.0
1-Bromoheptane,CCCCCCCBr,-4.43,1,,0.0,unique_keep,179.101,3.351700000000002,0.0,0,0,5,0,0,8,1.0
"3,4-Dimethylpyridine",Cc1ccncc1C,0.36,1,,0.0,unique_keep,107.15599999999999,1.69844,12.89,0,1,0,1,1,8,0.2857142857142857
Fludrocortisone,CC12CCC(=O)C=C1CCC1C3CCC(O)(C(=O)CO)C3(C)CC(O)C12F,-3.43,1,,0.0,unique_keep,380.45600000000013,1.8737,94.83,3,5,2,4,0,27,0.8095238095238095
ethiofencarb,CCSCc1ccccc1OC(=O)NC,-2.09,1,,0.0,unique_keep,225.313,2.6579000000000006,38.33,1,3,4,1,1,15,0.36363636363636365
Malonic acid diethylester,CCOC(=O)CC(=O)OCC,-0.82,1,,0.0,unique_keep,160.16899999999998,0.5027,52.60000000000001,0,4,4,0,0,11,0.7142857142857143
d-Limonene,C=C(C)C1CC=C(C)CC1,-4.26,1,,0.0,unique_keep,136.23799999999997,3.308900000000002,0.0,0,0,1,1,0,10,0.6
Indan,c1ccc2c(c1)CCC2,-3.04,1,,0.0,unique_keep,118.17899999999999,2.1753,0.0,0,0,0,2,1,9,0.3333333333333333
p-t-Butylphenol,CC(C)(C)c1ccc(O)cc1,-2.41,1,,0.0,unique_keep,150.22099999999998,2.689700000000001,20.23,1,1,0,1,1,11,0.4
Cyclopropyl-5-spirobarbituric acid,O=C1NC(=O)C2(CC2)C(=O)N1,-1.886,1,,0.0,unique_keep,154.125,-0.8674000000000002,75.27,2,3,0,2,0,11,0.5
m-Chloroiodobenzene,Clc1cccc(I)c1,-3.55,1,,0.0,unique_keep,238.45499999999998,2.9446000000000003,0.0,0,0,0,1,1,8,0.0
1-Bromonapthalene,Brc1cccc2ccccc12,-4.35,1,,0.0,unique_keep,207.07,3.6023000000000014,0.0,0,0,0,2,2,11,0.0
trans-2-Pentene ,C/C=C/CC,-2.54,1,,0.0,unique_keep,70.135,1.9725,0.0,0,0,1,0,0,5,0.6
"2,6-Dimethylpyridine",Cc1cccc(C)n1,0.45,1,,0.0,unique_keep,107.156,1.69844,12.89,0,1,0,1,1,8,0.2857142857142857
Trichloroethylene,ClC=C(Cl)Cl,-1.96,1,,0.0,unique_keep,131.389,2.5017000000000005,0.0,0,0,0,0,0,5,0.0
1-Napthylamine,Nc1cccc2ccccc12,-1.92,1,,0.0,unique_keep,143.189,2.4220000000000006,26.02,1,1,0,2,2,11,0.0
m-Xylene ,Cc1cccc(C)c1,-2.82,1,,0.0,unique_keep,106.16799999999999,2.30344,0.0,0,0,0,1,1,8,0.25
2-hydroxypteridine,Oc1ncc2nccnc2n1,-1.947,1,,0.0,unique_keep,148.125,0.1253999999999998,71.79,1,5,0,2,2,11,0.0
Methanol,CO,1.57,1,,0.0,unique_keep,32.042,-0.3915,20.23,1,1,0,0,0,2,1.0
Amobarbital|5-Ethyl-5-(3-methylbutyl)barbital,CCC1(CCC(C)C)C(=O)NC(=O)NC1=O,-2.563,2,0.134350288425444,0.1899999999999999,duplicate_aggregated,226.27599999999998,1.1849999999999998,75.27000000000001,2,3,4,1,0,16,0.7272727272727273
2-Butanone,CCC(C)=O,0.52,1,,0.0,unique_keep,72.10699999999999,0.9854,17.07,0,1,1,0,0,5,0.75
5-fluorouracil,O=c1[nH]cc(F)c(=O)[nH]1,-1.077,1,,0.0,unique_keep,130.078,-0.7977000000000001,65.72,2,2,0,1,1,9,0.0
tubercidin,Nc1ncnc2c1ccn2C1OC(CO)C(O)C1O,-1.95,1,,0.0,unique_keep,266.25699999999995,-1.3750000000000007,126.65,4,7,2,3,2,19,0.45454545454545453
"1,3-Benzenediol",Oc1cccc(O)c1,0.81,1,,0.0,unique_keep,110.11199999999998,1.0977999999999999,40.46,2,2,0,1,1,8,0.0
1-Hexanol,CCCCCCO,-1.24,1,,0.0,unique_keep,102.17699999999999,1.559,20.23,1,1,4,0,0,7,1.0
1-Chloropentane,CCCCCCl,-2.73,1,,0.0,unique_keep,106.596,2.415400000000001,0.0,0,0,3,0,0,6,1.0
"1,3-Butadiene",C=CC=C,-1.87,1,,0.0,unique_keep,54.09199999999999,1.3584,0.0,0,0,1,0,0,4,0.0
Propyl acetate,CCCOC(C)=O,-0.72,1,,0.0,unique_keep,102.13299999999998,0.9595,26.3,0,2,2,0,0,7,0.8
"5,6,7,8-tetrahydro-2-naphthol",Oc1ccc2c(c1)CCCC2,-1.99,1,,0.0,unique_keep,148.20499999999998,2.271,20.23,1,1,0,2,1,11,0.4
chloroacetamide,NC(=O)CCl,-0.02,1,,0.0,unique_keep,93.513,-0.2895000000000001,43.09,1,1,1,0,0,5,0.5
Iodofenphos,COP(=S)(OC)Oc1cc(Cl)c(I)cc1Cl,-6.62,1,,0.0,unique_keep,413.0,4.494100000000002,27.69,0,4,4,1,1,16,0.25
4-Chlorotoluene,Cc1ccc(Cl)cc1,-3.08,1,,0.0,unique_keep,126.586,2.6484200000000007,0.0,0,0,0,1,1,8,0.14285714285714285
Metribuzin,CSc1nnc(C(C)(C)C)c(=O)n1N,-2.253,1,,0.0,unique_keep,214.29399999999998,0.37150000000000005,73.8,1,5,1,1,1,14,0.625
Tricresyl phosphate,Cc1ccc(OP(=O)(Oc2cccc(C)c2)Oc2ccccc2C)cc1,-6.01,1,,0.0,unique_keep,368.3690000000001,6.256760000000005,44.760000000000005,0,4,6,3,3,26,0.14285714285714285
Caproaldehyde,CCCCCC=O,-1.3,1,,0.0,unique_keep,100.16099999999999,1.7656,17.07,0,1,4,0,0,7,0.8333333333333334
Butamben,CCCCOC(=O)c1ccc(N)cc1,-3.082,1,,0.0,unique_keep,193.24599999999998,2.2257,52.32,1,3,4,1,1,14,0.36363636363636365
RTI 3,Cc1ccc2c(c1)Oc1ncc(N)cc1C(=O)N2C,-3.043,1,,0.0,unique_keep,255.277,2.35452,68.45,1,4,0,3,2,19,0.14285714285714285
Nerol,CC(C)=CCC/C(C)=C\CO,-2.46,1,,0.0,unique_keep,154.253,2.6714000000000016,20.23,1,1,4,0,0,11,0.6
"2,4'-PCB",Clc1ccc(-c2ccccc2Cl)cc1,-5.28,1,,0.0,unique_keep,223.102,4.660400000000002,0.0,0,0,1,2,2,14,0.0
3-Octanoyloxymethylphenytoin,CCCCCCCC(=O)OCN1C(=O)NC(c2ccccc2)(c2ccccc2)C1=O,-6.523,1,,0.0,unique_keep,408.4980000000001,4.343200000000004,75.71000000000001,1,4,10,3,2,30,0.375
Nitroethane,CC[N+](=O)[O-],-0.22,1,,0.0,unique_keep,75.067,0.2829999999999999,43.14,0,2,1,0,0,5,1.0
Ethalfluralin,C=C(C)CN(CC)c1c([N+](=O)[O-])cc(C(F)(F)F)cc1[N+](=O)[O-],-6.124,1,,0.0,unique_keep,333.266,3.9242000000000035,89.52,0,5,6,1,1,23,0.38461538461538464
"1,2,3,4-Tetrachlorobenzene",Clc1ccc(Cl)c(Cl)c1Cl,-4.57,1,,0.0,unique_keep,215.894,4.3002,0.0,0,0,0,1,1,10,0.0
Meprobamate,CCCC(C)(COC(N)=O)COC(N)=O,-1.807,1,,0.0,unique_keep,218.25299999999996,0.9834000000000005,104.63999999999999,2,4,6,0,0,15,0.7777777777777778
pregnenolone,CC(=O)C1CCC2C3CC=C4CC(O)CCC4(C)C3CCC12C,-4.65,1,,0.0,unique_keep,316.48500000000007,4.515300000000004,37.3,1,2,1,4,0,23,0.8571428571428571
Iodomethane,CI,-1.0,1,,0.0,unique_keep,141.939,1.0512000000000001,0.0,0,0,0,0,0,2,1.0
cycloheximide,CC1CC(C)C(=O)C(C(O)CC2CC(=O)NC(=O)C2)C1,-1.13,1,,0.0,unique_keep,281.35200000000003,1.0415,83.47,2,4,3,2,0,20,0.8
3-Heptanoyloxymethylphenytoin,CCCCCCC(=O)OCN1C(=O)NC(c2ccccc2)(c2ccccc2)C1=O,-6.301,1,,0.0,unique_keep,394.4710000000001,3.9531000000000027,75.71000000000001,1,4,9,3,2,29,0.34782608695652173
isophorone,CC1=CC(=O)CC(C)(C)C1,-1.06,1,,0.0,unique_keep,138.20999999999998,2.3218000000000005,17.07,0,1,0,1,0,10,0.6666666666666666
Butabarbital,CCC(C)C1(CC)C(=O)NC(=O)NC1=O,-2.39,1,,0.0,unique_keep,212.249,0.7948999999999999,75.27000000000001,2,3,3,1,0,15,0.7
5-Nonanone,CCCCC(=O)CCCC,-2.58,1,,0.0,unique_keep,142.242,2.935900000000001,17.07,0,1,6,0,0,10,0.8888888888888888
Glutethimide,CCC1(c2ccccc2)CCC(=O)NC1=O,-2.337,1,,0.0,unique_keep,217.26799999999992,1.771,46.17,1,2,2,2,1,16,0.38461538461538464
3-Methylpentane,CCC(C)CC,-3.68,1,,0.0,unique_keep,86.178,2.442500000000001,0.0,0,0,2,0,0,6,1.0
Etofenprox,CCOc1ccc(C(C)(C)COCc2cccc(Oc3ccccc3)c2)cc1,-8.6,1,,0.0,unique_keep,376.49600000000004,6.372000000000006,27.69,0,3,9,3,3,28,0.28
Methaqualone,Cc1ccccc1-n1c(C)nc2ccccc2c1=O,-2.925,1,,0.0,unique_keep,250.30100000000002,3.0025400000000015,34.89,0,2,1,3,3,19,0.125
Chloroacetonitrile,N#CCCl,-0.092,1,,0.0,unique_keep,75.49799999999999,0.74878,23.79,0,1,0,0,0,4,0.5
Trichloronate,CCOP(=S)(CC)Oc1cc(Cl)c(Cl)cc1Cl,-5.752000000000001,1,,0.0,unique_keep,333.60400000000004,5.391500000000002,18.46,0,3,5,1,1,17,0.4
Ethisterone,C#CC1(O)CCC2C3CCC4=CC(=O)CCC4(C)C3CCC21C,-5.66,1,,0.0,unique_keep,312.4530000000001,3.8826000000000036,37.3,1,2,0,4,0,23,0.7619047619047619
Pyridazine,c1ccnnc1,1.1,1,,0.0,unique_keep,80.08999999999999,0.4765999999999999,25.78,0,2,0,1,1,6,0.0
"1,2,3,5-Tetrachlorobenzene",Clc1cc(Cl)c(Cl)c(Cl)c1,-4.63,1,,0.0,unique_keep,215.894,4.3002,0.0,0,0,0,1,1,10,0.0
Diosgenin,CC1COC2CC3(C)C(CC4C5C=C6CC(O)CCC6(C)CC5CCC43C)OC2C1,-7.32,1,,0.0,unique_keep,414.6300000000003,5.508800000000006,38.69,1,3,0,6,0,30,0.9259259259259259
o-Aminophenol,Nc1ccccc1O,-0.72,1,,0.0,unique_keep,109.12799999999999,0.9743999999999999,46.25,2,2,0,1,1,8,0.0
Ethyl nonanoate,CCCCCCCCC(=O)OCC,-3.8,1,,0.0,unique_keep,186.295,3.3001000000000023,26.3,0,2,8,0,0,13,0.9090909090909091
metalaxyl,COCC(=O)N(c1c(C)cccc1C)C(C)C(=O)OC,-1.601,1,,0.0,unique_keep,279.336,1.8443400000000003,55.84,0,4,5,1,1,20,0.4666666666666667
Propoxur,CNC(=O)Oc1ccccc1OC(C)C,-2.05,1,,0.0,unique_keep,209.24499999999998,2.192,47.56,1,3,3,1,1,15,0.36363636363636365
2-Chlorobutane,CCC(C)Cl,-1.96,1,,0.0,unique_keep,92.569,2.0237,0.0,0,0,1,0,0,5,1.0
2-Napthol,Oc1ccc2ccccc2c1,-2.28,1,,0.0,unique_keep,144.17299999999997,2.5454,20.23,1,1,0,2,2,11,0.0
Oxadiazon,CC(C)Oc1cc(-n2nc(C(C)(C)C)oc2=O)c(Cl)cc1Cl,-5.696000000000001,1,,0.0,unique_keep,345.226,4.217000000000004,57.26,0,4,3,2,2,22,0.4666666666666667
1-Hexyne ,C#CCCCC,-2.36,1,,0.0,unique_keep,82.146,1.8098,0.0,0,0,2,0,0,6,0.6666666666666666
1-Nonyne ,C#CCCCCCCC,-4.24,1,,0.0,unique_keep,124.227,2.980100000000001,0.0,0,0,5,0,0,9,0.7777777777777778
2-Chlorotoluene,Cc1ccccc1Cl,-3.52,1,,0.0,unique_keep,126.586,2.6484200000000007,0.0,0,0,0,1,1,8,0.14285714285714285
Diisopropyl ether ,CC(C)OC(C)C,-1.1,1,,0.0,unique_keep,102.17699999999999,1.8197999999999999,9.23,0,1,2,0,0,7,1.0
Dapsone,Nc1ccc(S(=O)(=O)c2ccc(N)cc2)cc1,-3.094,1,,0.0,unique_keep,248.30700000000002,1.6838000000000002,86.18,2,4,2,2,2,17,0.0
Methyl hydrazine,CNN,1.34,1,,0.0,unique_keep,46.073,-0.9205000000000001,38.05,2,2,0,0,0,3,1.0
Propyne,C#CC,-0.41,1,,0.0,unique_keep,40.065,0.6395,0.0,0,0,0,0,0,3,0.3333333333333333
Phoxim,CCOP(=S)(OCC)ON=C(C#N)c1ccccc1,-4.862,1,,0.0,unique_keep,298.304,3.2283800000000014,63.839999999999996,0,6,7,1,1,19,0.3333333333333333
Propetamphos,CCNP(=S)(OC)OC(C)=CC(=O)OC(C)C,-3.408,1,,0.0,unique_keep,281.314,2.3388,56.790000000000006,1,5,7,0,0,17,0.7
Acrolein,C=CC=O,0.57,1,,0.0,unique_keep,56.064,0.37129999999999996,17.07,0,1,1,0,0,4,0.0
Hypoxanthine,O=c1[nH]cnc2nc[nH]c12,-2.296,1,,0.0,unique_keep,136.114,-0.35380000000000006,74.43,2,3,0,2,2,10,0.0
6-hydroxyquinoline,Oc1ccc2ncccc2c1,-2.16,1,,0.0,unique_keep,145.161,1.9403999999999997,33.120000000000005,1,2,0,2,2,11,0.0
Fluorobenzene,Fc1ccccc1,-1.8,1,,0.0,unique_keep,96.10399999999998,1.8256999999999999,0.0,0,0,0,1,1,7,0.0
1-Chloropropane,CCCCl,-1.47,1,,0.0,unique_keep,78.542,1.6352,0.0,0,0,1,0,0,4,1.0
Ethyl acetate,CCOC(C)=O,-0.04,1,,0.0,unique_keep,88.106,0.5694,26.3,0,2,1,0,0,6,0.75
"2,2-Dimethylpentane",CCCC(C)(C)C,-4.36,1,,0.0,unique_keep,100.20499999999998,2.832600000000001,0.0,0,0,1,0,0,7,1.0
Pentamethylbenzene,Cc1cc(C)c(C)c(C)c1C,-4.0,1,,0.0,unique_keep,148.249,3.2287000000000017,0.0,0,0,0,1,1,11,0.45454545454545453
"eucalyptol|1,8-Cineole",CC12CCC(CC1)C(C)(C)O2,-1.69,2,0.0707106781186548,0.1,duplicate_aggregated,154.253,2.7441000000000013,9.23,0,1,0,3,0,11,1.0
dibutyl sebacate,CCCCOC(=O)CCCCCCCCC(=O)OCCCC,-3.896,1,,0.0,unique_keep,314.46600000000007,4.7938000000000045,52.60000000000001,0,4,15,0,0,22,0.8888888888888888
"4,4'-PCB",Clc1ccc(-c2ccc(Cl)cc2)cc1,-6.56,1,,0.0,unique_keep,223.102,4.660400000000002,0.0,0,0,1,2,2,14,0.0
"2,3-Dimethylpyridine",Cc1cccnc1C,0.38,1,,0.0,unique_keep,107.156,1.69844,12.89,0,1,0,1,1,8,0.2857142857142857
Carvone,C=C(C)C1CC=C(C)C(=O)C1,-2.06,1,,0.0,unique_keep,150.22099999999998,2.4879000000000007,17.07,0,1,1,1,0,11,0.5
Carbophenthion,CCOP(=S)(OCC)SCSc1ccc(Cl)cc1,-5.736000000000001,1,,0.0,unique_keep,342.875,5.420300000000004,18.46,0,5,8,1,1,18,0.45454545454545453
"Etoposide (148-167,25mg/ml)",COc1cc(C2c3cc4c(cc3C(OC3OC5COC(C)OC5C(O)C3O)C3COC(=O)C23)OCO4)cc(OC)c1O,-3.571,1,,0.0,unique_keep,588.5620000000004,1.3385999999999993,160.83,3,13,5,7,2,42,0.5517241379310345
Perylene,c1cc2cccc3c4cccc5cccc(c(c1)c23)c54,-8.804,1,,0.0,unique_keep,252.31599999999997,5.737200000000003,0.0,0,0,0,5,5,20,0.0
"2,4-Dinitrotoluene",Cc1ccc([N+](=O)[O-])cc1[N+](=O)[O-],-2.82,1,,0.0,unique_keep,182.135,1.81142,86.28,0,4,2,1,1,13,0.14285714285714285
2-bromonaphthalene|2-Bromonapthalene,Brc1ccc2ccccc2c1,-4.4,2,0.0,0.0,duplicate_aggregated,207.07,3.6023000000000014,0.0,0,0,0,2,2,11,0.0
Formetanate,CNC(=O)Oc1cccc(N=CN(C)C)c1,-2.34,1,,0.0,unique_keep,221.26,1.6262,53.93,1,3,3,1,1,16,0.2727272727272727
6-methoxypteridine,COc1cnc2ncncc2n1,-1.139,1,,0.0,unique_keep,162.15200000000002,0.42839999999999984,60.790000000000006,0,5,1,2,2,12,0.14285714285714285
nevirapine,Cc1ccnc2c1NC(=O)c1cccnc1N2C1CC1,-3.19,1,,0.0,unique_keep,266.30400000000003,2.6512200000000004,58.120000000000005,1,4,1,4,2,20,0.26666666666666666
Isazofos,CCOP(=S)(OCC)Oc1nc(Cl)n(C(C)C)n1,-3.658,1,,0.0,unique_keep,313.747,3.1887000000000016,58.4,0,6,7,1,1,18,0.7777777777777778
"2-Methyl-1,3-Butadiene ",C=CC(=C)C,-2.03,1,,0.0,unique_keep,68.119,1.7485,0.0,0,0,1,0,0,5,0.2
linalool,C=CC(C)(O)CCC=C(C)C,-1.99,1,,0.0,unique_keep,154.253,2.6698000000000013,20.23,1,1,4,0,0,11,0.6
Fenthion,COP(=S)(OC)Oc1ccc(SC)c(C)c1,-4.57,1,,0.0,unique_keep,278.335,3.6130200000000023,27.69,0,5,5,1,1,16,0.4
Cyclohexanol ,OC1CCCCC1,-0.44,1,,0.0,unique_keep,100.161,1.3114,20.23,1,1,0,1,0,7,1.0
5-Allyl-5-methylbarbital,C=CCC1(C)C(=O)NC(=O)NC1=O,-1.16,1,,0.0,unique_keep,182.17899999999997,-0.06520000000000004,75.27000000000001,2,3,2,1,0,13,0.375
Epiandrosterone|Androsterone,CC12CCC3C(CCC4CC(O)CCC43C)C1CCC2=O,-4.281000000000001,2,0.1711198410471445,0.242,duplicate_aggregated,290.447,3.959100000000003,37.3,1,2,0,4,0,21,0.9473684210526315
4-Methylbiphenyl,Cc1ccc(-c2ccccc2)cc1,-4.62,1,,0.0,unique_keep,168.239,3.662020000000002,0.0,0,0,1,2,2,13,0.07692307692307693
Atrazine,CCNc1nc(Cl)nc(NC(C)C)n1,-3.85,1,,0.0,unique_keep,215.68800000000002,1.7770999999999997,62.730000000000004,2,5,4,1,1,14,0.625
Phenylthiourea,NC(=S)Nc1ccccc1,-1.77,1,,0.0,unique_keep,152.22199999999998,1.3421,38.05,2,1,1,1,1,10,0.0
4-Heptanone,CCCC(=O)CCC,-1.3,1,,0.0,unique_keep,114.18799999999999,2.1557000000000004,17.07,0,1,4,0,0,8,0.8571428571428571
"3,3-Dimethyl-2-butanone",CC(=O)C(C)(C)C,-0.72,1,,0.0,unique_keep,100.16099999999999,1.6215,17.07,0,1,0,0,0,7,0.8333333333333334
4-Chlorophenol ,Oc1ccc(Cl)cc1,-0.7,1,,0.0,unique_keep,128.558,2.0456,20.23,1,1,0,1,1,8,0.0
Cyclohexanone,O=C1CCCCC1,-0.6,1,,0.0,unique_keep,98.14500000000001,1.5196,17.07,0,1,0,1,0,7,0.8333333333333334
m-Methylaniline,Cc1cccc(N)c1,-0.85,1,,0.0,unique_keep,107.156,1.5772199999999998,26.02,1,1,0,1,1,8,0.14285714285714285
Trichloroacetonitrile,N#CC(Cl)(Cl)Cl,-2.168,1,,0.0,unique_keep,144.388,1.88018,23.79,0,1,0,0,0,6,0.5
norflurazon,CNc1cnn(-c2cccc(C(F)(F)F)c2)c(=O)c1Cl,-4.046,1,,0.0,unique_keep,303.67100000000005,2.9464000000000006,46.92,1,3,2,2,2,20,0.16666666666666666
2-Decanone,CCCCCCCCC(C)=O,-3.3,1,,0.0,unique_keep,156.269,3.3260000000000023,17.07,0,1,7,0,0,11,0.9
Ipazine,CCN(CC)c1nc(Cl)nc(NC(C)C)n1,-3.785,1,,0.0,unique_keep,243.74200000000002,2.1914999999999996,53.940000000000005,1,5,5,1,1,16,0.7
Benzocaine,CCOC(=O)c1ccc(N)cc1,-2.616,1,,0.0,unique_keep,165.19199999999998,1.4455,52.32,1,3,2,1,1,12,0.2222222222222222
"1,2,4-Trichlorobenzene",Clc1ccc(Cl)c(Cl)c1,-3.59,1,,0.0,unique_keep,181.449,3.6468000000000007,0.0,0,0,0,1,1,9,0.0
Triazolam,Cc1nnc2n1-c1ccc(Cl)cc1C(c1ccccc1Cl)=NC2,-4.09,1,,0.0,unique_keep,343.21700000000004,4.233520000000002,43.07,0,3,1,4,3,23,0.11764705882352941
"1,2-Benzenediol",Oc1ccccc1O,0.62,1,,0.0,unique_keep,110.11199999999998,1.0977999999999999,40.46,2,2,0,1,1,8,0.0
Reverse Transcriptase inhibitor 1,CCN1c2ncccc2C(=O)N(C)c2cccnc21,-2.62,1,,0.0,unique_keep,254.29299999999998,2.2245999999999997,49.330000000000005,0,4,1,3,2,19,0.21428571428571427
Dimethyl sulfide,CSC,-0.45,1,,0.0,unique_keep,62.137,0.9792,0.0,0,1,0,0,0,3,1.0
2-Bromotoluene,Cc1ccccc1Br,-2.23,1,,0.0,unique_keep,171.03699999999998,2.7575200000000013,0.0,0,0,0,1,1,8,0.14285714285714285
O-Ethyl carbamate,CCOC(N)=O,0.85,1,,0.0,unique_keep,89.09400000000001,0.10160000000000025,52.32,1,2,1,0,0,6,0.6666666666666666
megestrol acetate,CC(=O)OC1(C(C)=O)CCC2C3C=C(C)C4=CC(=O)CCC4(C)C3CCC21C,-5.35,1,,0.0,unique_keep,384.51600000000025,4.575300000000005,60.440000000000005,0,4,2,4,0,28,0.7083333333333334
"2,4-Dimethyl-3-pentanol",CC(C)C(O)C(C)C,-1.22,1,,0.0,unique_keep,116.20399999999998,1.6593,20.23,1,1,2,0,0,8,1.0
Napthalene,c1ccc2ccccc2c1,-3.6,1,,0.0,unique_keep,128.17399999999995,2.839800000000001,0.0,0,0,0,2,2,10,0.0
N-Ethylaniline,CCNc1ccccc1,-1.7,1,,0.0,unique_keep,121.18299999999995,2.1184,12.03,1,1,2,1,1,9,0.25
Phenytoin,O=C1NC(=O)C(c2ccccc2)(c2ccccc2)N1,-4.097,1,,0.0,unique_keep,252.27300000000002,1.7696,58.2,2,2,2,3,2,19,0.06666666666666667
"7,12-Dimethylbenz(a)anthracene",Cc1c2ccccc2c(C)c2c1ccc1ccccc12,-7.02,1,,0.0,unique_keep,256.348,5.763040000000005,0.0,0,0,0,4,4,20,0.1
Dialifor|Dialifos,CCOP(=S)(OCC)SC(CCl)N1C(=O)c2ccccc2C1=O,-6.34,2,0.0,0.0,duplicate_aggregated,393.85400000000016,3.878200000000003,55.84,0,6,8,2,1,23,0.42857142857142855
Methoxychlor,COc1ccc(C(c2ccc(OC)cc2)C(Cl)(Cl)Cl)cc1,-6.89,1,,0.0,unique_keep,345.653,5.205900000000003,18.46,0,2,4,2,2,21,0.25
TEFLUBENZURON,O=C(NC(=O)c1c(F)cccc1F)Nc1cc(Cl)c(F)c(Cl)c1F,-7.28,1,,0.0,unique_keep,381.1120000000001,4.5117,58.2,2,2,2,2,2,24,0.0
3-Pentanoyloxymethylphenytoin,CCCCC(=O)OCN1C(=O)NC(c2ccccc2)(c2ccccc2)C1=O,-4.678,1,,0.0,unique_keep,366.4170000000001,3.172900000000002,75.71000000000001,1,4,7,3,2,27,0.2857142857142857
Monuron,CN(C)C(=O)Nc1ccc(Cl)cc1,-2.89,1,,0.0,unique_keep,198.653,2.4335000000000004,32.34,1,1,1,1,1,13,0.2222222222222222
Flutriafol,OC(Cn1cncn1)(c1ccc(F)cc1)c1ccccc1F,-3.37,1,,0.0,unique_keep,301.296,2.492400000000001,50.94,1,3,4,3,3,22,0.125
triamcinolone diacetate,CC(=O)OCC(=O)C1(O)C(OC(C)=O)CC2C3CCC4=CC(=O)C=CC4(C)C3(F)C(O)CC21C,-4.13,1,,0.0,unique_keep,478.5130000000003,1.7620999999999991,127.2,2,8,4,4,0,34,0.68
1-Bromobutane,CCCCBr,-2.37,1,,0.0,unique_keep,137.01999999999998,2.1814,0.0,0,0,2,0,0,5,1.0
"1,2,4,5-Tetrabromobenzene",Brc1cc(Br)c(Br)cc1Br,-6.98,1,,0.0,unique_keep,393.69800000000004,4.7366,0.0,0,0,0,1,1,10,0.0
4-Methyl-2-pentanone,CC(=O)CC(C)C,-0.74,1,,0.0,unique_keep,100.16099999999999,1.6215,17.07,0,1,2,0,0,7,0.8333333333333334
cycloate,CCSC(=O)N(CC)C1CCCCC1,-3.4,1,,0.0,unique_keep,215.36199999999994,3.5141000000000027,20.310000000000002,0,2,3,1,0,14,0.9090909090909091
4-Chloroanisole,COc1ccc(Cl)cc1,-2.78,1,,0.0,unique_keep,142.585,2.3486000000000002,9.23,0,1,1,1,1,9,0.14285714285714285
Deltamethrin,CC1(C)C(C=C(Br)Br)C1C(=O)OC(C#N)c1cccc(Oc2ccccc2)c1,-8.402000000000001,1,,0.0,unique_keep,505.20600000000024,6.490180000000005,59.32000000000001,0,4,6,3,2,28,0.2727272727272727
Talbutal,C=CCC1(C(C)CC)C(=O)NC(=O)NC1=O,-2.016,1,,0.0,unique_keep,224.26,0.9609999999999999,75.27000000000001,2,3,4,1,0,16,0.5454545454545454
Fenitrothion,COP(=S)(OC)Oc1ccc([N+](=O)[O-])c(C)c1,-4.04,1,,0.0,unique_keep,277.238,2.7993200000000007,70.83,0,6,5,1,1,17,0.3333333333333333
1-Iodonapthalene,Ic1cccc2ccccc12,-4.55,1,,0.0,unique_keep,254.07000000000002,3.4444000000000017,0.0,0,0,0,2,2,11,0.0
Ethanethiol,CCS,-0.6,1,,0.0,unique_keep,62.137,0.9360999999999999,0.0,1,1,0,0,0,3,1.0
"1,1,2-Trichloroethane",ClCC(Cl)Cl,-1.48,1,,0.0,unique_keep,133.405,2.0289,0.0,0,0,1,0,0,5,1.0
Pyrolan,Cc1cc(OC(=O)N(C)C)n(-c2ccccc2)n1,-2.09,1,,0.0,unique_keep,245.28200000000004,2.2411199999999996,47.36,0,3,2,2,2,18,0.23076923076923078
o-Hydroxybenzamide,NC(=O)c1ccccc1O,-1.82,1,,0.0,unique_keep,137.13799999999998,0.49110000000000004,63.32000000000001,2,2,1,1,1,10,0.0
o-Nitrotoluene,Cc1ccccc1[N+](=O)[O-],-2.33,1,,0.0,unique_keep,137.138,1.9032200000000001,43.14,0,2,1,1,1,10,0.14285714285714285
"5,5-Diisopropylbarbital",CC(C)C1(C(C)C)C(=O)NC(=O)NC1=O,-2.766,1,,0.0,unique_keep,212.24899999999997,0.6507999999999999,75.27000000000001,2,3,2,1,0,15,0.7
2-Ethyltoluene,CCc1ccccc1C,-3.21,1,,0.0,unique_keep,120.19499999999996,2.5574200000000005,0.0,0,0,1,1,1,9,0.3333333333333333
1-Chloroheptane,CCCCCCCCl,-4.0,1,,0.0,unique_keep,134.65,3.1956000000000016,0.0,0,0,5,0,0,8,1.0
Barbital,CCC1(CC)C(=O)NC(=O)NC1=O,-2.4,1,,0.0,unique_keep,184.195,0.15879999999999994,75.27000000000001,2,3,2,1,0,13,0.625
Bibenzyl ,c1ccc(CCc2ccccc2)cc1,-4.62,1,,0.0,unique_keep,182.26600000000002,3.4718000000000018,0.0,0,0,3,2,2,14,0.14285714285714285
"1,1,2,2-Tetrachloroethane",ClC(Cl)C(Cl)Cl,-1.74,1,,0.0,unique_keep,167.85,2.5938,0.0,0,0,1,0,0,6,1.0
RTI 23,CCN1c2cc(OC)cc(C)c2NC(=O)c2cccnc21,-5.153,1,,0.0,unique_keep,283.331,3.122320000000001,54.46,1,4,2,3,2,21,0.25
2-Methylphenanthrene,Cc1ccc2c(ccc3ccccc32)c1,-5.84,1,,0.0,unique_keep,192.261,4.301420000000003,0.0,0,0,0,3,3,15,0.06666666666666667
dibutylphthalate,CCCCOC(=O)c1ccccc1C(=O)OCCCC,-4.4,1,,0.0,unique_keep,278.348,3.600400000000003,52.60000000000001,0,4,8,1,1,20,0.5
tetrachloroguaiacol,COc1c(O)c(Cl)c(Cl)c(Cl)c1Cl,-4.02,1,,0.0,unique_keep,261.919,4.014400000000001,29.46,1,2,1,1,1,13,0.14285714285714285
Dimecron,CCN(CC)C(=O)C(Cl)=CCOP(=O)(OC)OC,0.523,1,,0.0,unique_keep,299.69100000000003,2.3950000000000005,65.07000000000001,0,5,8,0,0,18,0.7
Equilin,CC12CCC3C(=CCc4cc(O)ccc43)C1CCC2=O,-5.282,1,,0.0,unique_keep,268.356,3.7375000000000025,37.3,1,2,0,4,1,20,0.5
Chlorimuron-ethyl (ph 7),CCOC(=O)c1ccccc1S(=O)(=O)NN(C=O)c1nc(Cl)cc(OC)n1,-4.5760000000000005,1,,0.0,unique_keep,414.82700000000017,1.1715999999999998,127.79,1,8,8,2,2,27,0.2
p-Nitroanisole,COc1ccc([N+](=O)[O-])cc1,-2.41,1,,0.0,unique_keep,153.137,1.6033999999999997,52.370000000000005,0,3,2,1,1,11,0.14285714285714285
1-Chlorohexane,CCCCCCCl,-3.12,1,,0.0,unique_keep,120.623,2.805500000000001,0.0,0,0,4,0,0,7,1.0
"2,2',3,3',4,4',5,5'-PCB",Clc1cc(-c2cc(Cl)c(Cl)c(Cl)c2Cl)c(Cl)c(Cl)c1Cl,-9.16,1,,0.0,unique_keep,429.77200000000016,8.580799999999998,0.0,0,0,1,2,2,20,0.0
Raffinose,OCC1OC(OCC2OC(OC3(CO)OC(CO)C(O)C3O)C(O)C(O)C2O)C(O)C(O)C1O,-0.41,1,,0.0,unique_keep,504.43800000000005,-7.571399999999989,268.67999999999995,11,16,8,3,0,34,1.0
hexacosane,CCCCCCCCCCCCCCCCCCCCCCCCCC,-8.334,1,,0.0,unique_keep,366.7180000000002,10.388599999999993,0.0,0,0,23,0,0,26,1.0
RTI 5,CCN1c2ccccc2N(C)C(=O)c2cccnc21,-3.324,1,,0.0,unique_keep,253.30499999999995,2.829600000000001,36.44,0,3,1,3,2,19,0.2
"1,1-Dichloroethane",CC(Cl)Cl,-1.29,1,,0.0,unique_keep,98.96000000000001,1.81,0.0,0,0,0,0,0,4,1.0
Sulfanilamide,Nc1ccc(S(N)(=O)=O)cc1,-1.34,1,,0.0,unique_keep,172.20900000000003,-0.08380000000000004,86.18,2,3,1,1,1,11,0.0
Isopropalin,CCCN(CCC)c1c([N+](=O)[O-])cc(C(C)C)cc1[N+](=O)[O-],-6.49,1,,0.0,unique_keep,309.36600000000004,4.252800000000004,89.52,0,5,8,1,1,22,0.6
Lindane,ClC1C(Cl)C(Cl)C(Cl)C(Cl)C1Cl,-4.64,1,,0.0,unique_keep,290.832,3.644400000000001,0.0,0,0,0,1,0,12,1.0
Isofenphos,CCOP(=S)(NC(C)C)Oc1ccccc1C(=O)OC(C)C,-4.194,1,,0.0,unique_keep,345.4010000000002,3.8896000000000033,56.790000000000006,1,5,8,1,1,22,0.5333333333333333
"1,2,3-Trichlorobenzene",Clc1cccc(Cl)c1Cl,-4.0,1,,0.0,unique_keep,181.44899999999998,3.6468000000000007,0.0,0,0,0,1,1,9,0.0
Tetrachloromethane,ClC(Cl)(Cl)Cl,-2.31,1,,0.0,unique_keep,153.823,2.5529,0.0,0,0,0,0,0,5,1.0
"3,4-Dichloronitrobenzene",O=[N+]([O-])c1ccc(Cl)c(Cl)c1,-3.2,1,,0.0,unique_keep,192.00099999999998,2.901600000000001,43.14,0,2,1,1,1,11,0.0
Cyclooctanol,OC1CCCCCCC1,-1.29,1,,0.0,unique_keep,128.215,2.0915999999999997,20.23,1,1,0,1,0,9,1.0
17a-Methyltestosterone,CC12CCC(=O)C=C1CCC1C2CCC2(C)C1CCC2(C)O,-3.999,1,,0.0,unique_keep,302.458,4.269300000000005,37.3,1,2,0,4,0,22,0.85
Dulcin,CCOc1ccc(NC(N)=O)cc1,-2.17,1,,0.0,unique_keep,180.20699999999997,1.5758999999999999,64.35,2,2,3,1,1,13,0.2222222222222222
"trans-1,4-Dimethylcyclohexane",CC1CCC(C)CC1,-4.47,1,,0.0,unique_keep,112.216,2.832600000000001,0.0,0,0,0,1,0,8,1.0
"1,7-phenantroline",c1cnc2c(c1)ccc1ncccc12,-2.68,1,,0.0,unique_keep,180.20999999999998,2.7830000000000004,25.78,0,2,0,3,3,14,0.0
Methyl t-butyl ether ,COC(C)(C)C,-0.24,1,,0.0,unique_keep,88.14999999999999,1.4313,9.23,0,1,0,0,0,6,1.0
Anethole,CC=Cc1ccc(OC)cc1,-3.13,1,,0.0,unique_keep,148.20499999999998,2.728300000000001,9.23,0,1,2,1,1,11,0.2
1-Hexadecanol,CCCCCCCCCCCCCCCCO,-7.0,1,,0.0,unique_keep,242.44699999999992,5.460000000000006,20.23,1,1,14,0,0,17,1.0
uracil,O=c1cc[nH]c(=O)[nH]1,-1.4880000000000002,1,,0.0,unique_keep,112.088,-0.9368000000000001,65.72,2,2,0,1,1,8,0.0
adenine,Nc1ncnc2nc[nH]c12,-2.12,1,,0.0,unique_keep,135.13,-0.0648999999999999,80.47999999999999,2,4,0,2,2,10,0.0
"2,2',3,4,5-PCB",Clc1cc(Cl)c(-c2cccc(Cl)c2Cl)cc1Cl,-7.21,1,,0.0,unique_keep,326.437,6.620600000000001,0.0,0,0,1,2,2,17,0.0
Ancymidol,COc1ccc(C(O)(c2cncnc2)C2CC2)cc1,-2.596,1,,0.0,unique_keep,256.305,2.1311,55.24,1,4,4,3,2,19,0.3333333333333333
Benzo(b)fluoranthene,c1ccc2c(c1)-c1cccc3c1c-2cc1ccccc13,-8.23,1,,0.0,unique_keep,252.31599999999997,5.640400000000003,0.0,0,0,0,5,4,20,0.0
Carbanilide,O=C(Nc1ccccc1)Nc1ccccc1,-3.15,1,,0.0,unique_keep,212.25199999999998,3.3306000000000013,41.13,2,1,2,2,2,16,0.0
phenobarbital|5-Ethyl-5-phenylbarbital,CCC1(c2ccccc2)C(=O)NC(=O)NC1=O,-2.322,2,0.0,0.0,duplicate_aggregated,232.23899999999995,0.7004,75.27000000000001,2,3,2,2,1,17,0.25
"2',3,4-PCB",Clc1ccc(-c2cccc(Cl)c2Cl)cc1,-6.29,1,,0.0,unique_keep,257.54699999999997,5.313800000000001,0.0,0,0,1,2,2,15,0.0
Isoproturon,CC(C)c1ccc(NC(=O)N(C)C)cc1,-3.536,1,,0.0,unique_keep,206.289,2.903500000000001,32.34,1,1,2,1,1,15,0.4166666666666667
Azintamide,CCN(CC)C(=O)CSc1ccc(Cl)nn1,-1.716,1,,0.0,unique_keep,259.762,2.0904999999999996,46.09,0,4,5,1,1,16,0.5
"2,2-Dimethyl-1-butanol",CCC(C)(C)CO,-1.04,1,,0.0,unique_keep,102.17699999999998,1.4149,20.23,1,1,2,0,0,7,1.0
Ethyl pentanoate,CCCOC(=O)CCC,-1.75,1,,0.0,unique_keep,130.18699999999998,1.7397,26.3,0,2,4,0,0,9,0.8571428571428571
"2,4,6-Trinitrotoluene",Cc1c([N+](=O)[O-])cc([N+](=O)[O-])cc1[N+](=O)[O-],-3.22,1,,0.0,unique_keep,227.13199999999998,1.7196200000000001,129.42000000000002,0,6,3,1,1,16,0.14285714285714285
Bensulide,CC(C)OP(=S)(OC(C)C)SCCNS(=O)(=O)c1ccccc1,-4.2,1,,0.0,unique_keep,397.52400000000006,3.7726000000000024,64.63,1,6,10,1,1,23,0.5714285714285714
Cycloheptane,C1CCCCCC1,-3.51,1,,0.0,unique_keep,98.18900000000001,2.7307000000000015,0.0,0,0,0,1,0,7,1.0
Propyl formate,CCCOC=O,-0.49,1,,0.0,unique_keep,88.10599999999998,0.5694,26.3,0,2,3,0,0,6,0.75
2-Isopropyltoluene,Cc1ccccc1C(C)C,-3.76,1,,0.0,unique_keep,134.22199999999998,3.118420000000002,0.0,0,0,1,1,1,10,0.4
m-Chloroaniline,Nc1cccc(Cl)c1,-1.37,1,,0.0,unique_keep,127.574,1.9222,26.02,1,1,0,1,1,8,0.0
"2,4-Dimethylpentane",CC(C)CC(C)C,-4.26,1,,0.0,unique_keep,100.20499999999998,2.6885000000000012,0.0,0,0,2,0,0,7,1.0
Dibenzofurane,c1ccc2c(c1)oc1ccccc12,-4.6,1,,0.0,unique_keep,168.195,3.586000000000001,13.14,0,1,0,3,3,13,0.0
ethofumesate,CCOC1Oc2ccc(OS(C)(=O)=O)cc2C1(C)C,-3.42,1,,0.0,unique_keep,286.34900000000005,2.0576,61.830000000000005,0,5,4,2,1,19,0.5384615384615384
Fluometuron,CN(C)C(=O)Nc1cccc(C(F)(F)F)c1,-3.43,1,,0.0,unique_keep,232.20499999999996,2.7989000000000006,32.34,1,1,1,1,1,16,0.3
Acridine,c1ccc2nc3ccccc3cc2c1,-3.67,1,,0.0,unique_keep,179.22199999999998,3.3880000000000017,12.89,0,1,0,3,3,14,0.0
Cortisone,CC12CCC(=O)C=C1CCC1C2C(=O)CC2(C)C1CCC2(O)C(=O)CO,-3.11,1,,0.0,unique_keep,360.45000000000016,1.9898000000000002,91.67,2,5,2,4,0,26,0.7619047619047619
glucose,OCC1OC(O)C(O)C(O)C1O,0.74,1,,0.0,unique_keep,180.156,-3.2214000000000005,110.38000000000001,5,6,1,1,0,12,1.0
3-Methylphenol,Cc1cccc(O)c1,-0.68,1,,0.0,unique_keep,108.13999999999999,1.7006199999999998,20.23,1,1,0,1,1,8,0.14285714285714285
Indapamide,CC1Cc2ccccc2N1NC(=O)c1ccc(Cl)c(S(N)(=O)=O)c1,-3.5860000000000003,1,,0.0,unique_keep,365.84200000000004,2.0834,92.5,2,4,3,3,2,24,0.1875
Lovastatin,CCC(C)C(=O)OC1CC(C)C=C2C=CC(C)C(CCC3CC(O)CC(=O)O3)C21,-6.005,1,,0.0,unique_keep,404.54700000000025,4.195500000000004,72.83,1,5,6,3,0,29,0.75
"1,4-Dinitrobenzene",O=[N+]([O-])c1ccc([N+](=O)[O-])cc1,-3.39,1,,0.0,unique_keep,168.108,1.503,86.28,0,4,2,1,1,12,0.0
Reposal,CCC1(C2=CCC3CCC2C3)C(=O)NC(=O)NC1=O,-2.696,1,,0.0,unique_keep,262.30899999999997,1.4951999999999996,75.27000000000001,2,3,2,3,0,19,0.6428571428571429
Ethyl decanoate,CCCCCCCCCC(=O)OCC,-4.1,1,,0.0,unique_keep,200.32199999999997,3.6902000000000026,26.3,0,2,9,0,0,14,0.9166666666666666
Fenuron,CN(C)C(=O)Nc1ccccc1,-1.6,1,,0.0,unique_keep,164.208,1.7801,32.34,1,1,1,1,1,12,0.2222222222222222
Ethyl propyl ether,CCCOCC,-0.66,1,,0.0,unique_keep,88.14999999999999,1.4329,9.23,0,1,3,0,0,6,1.0
2-Propanol,CC(C)O,0.43,1,,0.0,unique_keep,60.096000000000004,0.38710000000000006,20.23,1,1,0,0,0,4,1.0
2-Methylnapthalene,Cc1ccc2ccccc2c1,-3.77,1,,0.0,unique_keep,142.201,3.148220000000001,0.0,0,0,0,2,2,11,0.09090909090909091
Chlorodibromethane,ClC(Br)Br,-1.9,1,,0.0,unique_keep,208.28,2.2986000000000004,0.0,0,0,0,0,0,4,1.0
Hexestrol,CCC(c1ccc(O)cc1)C(CC)c1ccc(O)cc1,-4.43,1,,0.0,unique_keep,270.37199999999996,4.785200000000004,40.46,2,2,5,2,2,20,0.3333333333333333
Malathion,CCOC(=O)CC(SP(=S)(OC)OC)C(=O)OCC,-3.37,1,,0.0,unique_keep,330.3640000000001,2.1218000000000004,71.06,0,8,9,0,0,19,0.8
Benzylchloride,ClCc1ccccc1,-2.39,1,,0.0,unique_keep,126.58599999999996,2.4254000000000007,0.0,0,0,1,1,1,8,0.14285714285714285
t-Crotonaldehyde,C/C=C/C=O,0.32,1,,0.0,unique_keep,70.09100000000001,0.7614000000000001,17.07,0,1,1,0,0,5,0.25
Chlorbromuron,CON(C)C(=O)Nc1ccc(Br)c(Cl)c1,-3.924,1,,0.0,unique_keep,293.548,3.127600000000002,41.57,1,2,2,1,1,15,0.2222222222222222
"9,10-Dimethylanthracene",Cc1c2ccccc2c(C)c2ccccc12,-6.57,1,,0.0,unique_keep,206.28799999999998,4.609840000000004,0.0,0,0,0,3,3,16,0.125
Methyl hexanoate,CCCCCC(=O)OC,-1.87,1,,0.0,unique_keep,130.18699999999998,1.7397,26.3,0,2,4,0,0,9,0.8571428571428571
Dimefuron,CN(C)C(=O)Nc1ccc(-n2nc(C(C)(C)C)oc2=O)c(Cl)c1,-4.328,1,,0.0,unique_keep,338.7950000000001,2.8699000000000012,80.37,1,4,2,2,2,23,0.4
p-Fluoroacetanilide,CC(=O)Nc1ccc(F)cc1,-1.78,1,,0.0,unique_keep,153.156,1.7840999999999998,29.1,1,1,1,1,1,11,0.125
alachlor,CCc1cccc(CC)c1N(COC)C(=O)CCl,-3.26,1,,0.0,unique_keep,269.77199999999993,2.9871000000000016,29.54,0,2,6,1,1,18,0.5
Cyclohexene,C1=CCCCC1,-2.59,1,,0.0,unique_keep,82.146,2.1166,0.0,0,0,0,1,0,6,0.6666666666666666
Hydrocortisone ,CC12CCC(=O)C=C1CCC1C2C(O)CC2(C)C1CCC2(O)C(=O)CO,-3.09,1,,0.0,unique_keep,362.4660000000002,1.7815999999999996,94.83,3,5,2,4,0,26,0.8095238095238095
Pyrimidine,c1cncnc1,1.1,1,,0.0,unique_keep,80.08999999999999,0.4765999999999999,25.78,0,2,0,1,1,6,0.0
p-Chloronitrobenzene,O=[N+]([O-])c1ccc(Cl)cc1,-2.92,1,,0.0,unique_keep,157.55599999999998,2.2481999999999998,43.14,0,2,1,1,1,10,0.0
Methyl propionate,CCC(=O)OC,-0.14,1,,0.0,unique_keep,88.106,0.5694,26.3,0,2,1,0,0,6,0.75
o-Chloronitrobenzene,O=[N+]([O-])c1ccccc1Cl,-2.55,1,,0.0,unique_keep,157.55599999999998,2.2482000000000006,43.14,0,2,1,1,1,10,0.0
Neburon,CCCCN(C)C(=O)Nc1ccc(Cl)c(Cl)c1,-4.77,1,,0.0,unique_keep,275.179,4.257200000000004,32.34,1,1,4,1,1,17,0.4166666666666667
Buthidazole,CN1CC(O)N(c2nnc(C(C)(C)C)s2)C1=O,-1.877,1,,0.0,unique_keep,256.331,1.0257999999999998,69.56,1,5,1,2,1,17,0.7
Nitrobenzene,O=[N+]([O-])c1ccccc1,-1.8,1,,0.0,unique_keep,123.11099999999996,1.5948,43.14,0,2,1,1,1,9,0.0
Iodobenzene,Ic1ccccc1,-3.01,1,,0.0,unique_keep,204.01000000000002,2.2912,0.0,0,0,0,1,1,7,0.0
Metolazone,Cc1ccccc1N1C(=O)c2cc(S(N)(=O)=O)c(Cl)cc2NC1C,-3.78,1,,0.0,unique_keep,365.8420000000001,2.714120000000001,92.5,2,4,2,3,2,24,0.1875
Methocarbamol,COc1ccccc1OCC(O)COC(N)=O,-0.985,1,,0.0,unique_keep,241.24299999999994,0.5302000000000002,91.00999999999999,2,5,6,1,1,17,0.36363636363636365
butachlor,CCCCOCN(C(=O)CCl)c1c(CC)cccc1CC,-4.19,1,,0.0,unique_keep,311.85300000000007,4.1574000000000035,29.54,0,2,9,1,1,21,0.5882352941176471
"2,3-Dichlorophenol",Oc1cccc(Cl)c1Cl,-1.3,1,,0.0,unique_keep,163.003,2.699,20.23,1,1,0,1,1,9,0.0
Propyl butyrate,CCCC(=O)OC,-1.92,1,,0.0,unique_keep,102.13299999999998,0.9595,26.3,0,2,2,0,0,7,0.8
Propanil,CCC(=O)Nc1ccc(Cl)c(Cl)c1,-3.0,1,,0.0,unique_keep,218.08299999999997,3.3419000000000016,29.1,1,1,2,1,1,13,0.2222222222222222
Triamterene,Nc1nc(N)c2nc(-c3ccccc3)c(N)nc2n1,-2.404,1,,0.0,unique_keep,253.26900000000003,0.8334000000000001,129.62,3,7,1,3,3,19,0.0
Ethyl hexanoate,CCCCCC(=O)OCC,-2.35,1,,0.0,unique_keep,144.21399999999997,2.1298000000000004,26.3,0,2,5,0,0,10,0.875
chloralose,OCC(O)C1OC2OC(C(Cl)(Cl)Cl)OC2C1O,-1.84,1,,0.0,unique_keep,309.52900000000005,-0.46290000000000026,88.38000000000001,3,6,2,2,0,17,1.0
Amitraz,Cc1ccc(N=CN(C)C=Nc2ccc(C)cc2C)c(C)c1,-5.47,1,,0.0,unique_keep,293.41400000000004,4.871880000000004,27.96,0,2,4,2,2,22,0.2631578947368421
Prometon,COc1nc(NC(C)C)nc(NC(C)C)n1,-2.478,1,,0.0,unique_keep,225.296,1.5208,71.96000000000001,2,6,5,1,1,16,0.7
1-Octene ,C=CCCCCCC,-4.44,1,,0.0,unique_keep,112.216,3.142800000000002,0.0,0,0,5,0,0,8,0.75
p-Methylaniline ,Cc1ccc(N)cc1,-1.21,1,,0.0,unique_keep,107.156,1.5772199999999998,26.02,1,1,0,1,1,8,0.14285714285714285
aminothiazole,Nc1nccs1,-0.36,1,,0.0,unique_keep,100.14599999999999,0.7253000000000001,38.91,1,3,0,1,1,6,0.0
Metolcarb,CNC(=O)Oc1ccccc1,-1.803,1,,0.0,unique_keep,151.165,1.4048,38.33,1,2,1,1,1,11,0.125
3-Hexanol,CCCC(O)CC,-0.8,1,,0.0,unique_keep,102.17699999999999,1.5574,20.23,1,1,3,0,0,7,1.0
9-anthrol,Oc1c2ccccc2cc2ccccc12,-4.73,1,,0.0,unique_keep,194.23299999999998,3.6986000000000017,20.23,1,1,0,3,3,15,0.0
2-Methylanthracene,Cc1ccc2cc3ccccc3cc2c1,-6.96,1,,0.0,unique_keep,192.261,4.301420000000002,0.0,0,0,0,3,3,15,0.06666666666666667
"1,2,3-Trimethylbenzene ",Cc1cccc(C)c1C,-3.2,1,,0.0,unique_keep,120.195,2.611860000000001,0.0,0,0,0,1,1,9,0.3333333333333333
Aminocarb,CNC(=O)Oc1ccc(N(C)C)c(C)c1,-2.36,1,,0.0,unique_keep,208.26099999999997,1.77922,41.57,1,3,2,1,1,15,0.36363636363636365
2-Nonanol,CCCCCCCC(C)O,-2.74,1,,0.0,unique_keep,144.258,2.727700000000002,20.23,1,1,6,0,0,10,1.0
Methyldymron,CN(C(=O)NC(C)(C)c1ccccc1)c1ccccc1,-3.35,1,,0.0,unique_keep,268.36,3.767700000000003,32.34,1,1,3,2,2,20,0.23529411764705882
3-Hexanone,CCCC(=O)CC,-0.83,1,,0.0,unique_keep,100.16099999999999,1.7656,17.07,0,1,3,0,0,7,0.8333333333333334
bromoxynil,N#Cc1cc(Br)c(O)c(Br)c1,-3.33,1,,0.0,unique_keep,276.91499999999996,2.78888,44.019999999999996,1,2,0,1,1,11,0.0
"3,4-PCB",Clc1ccc(-c2ccccc2)cc1Cl,-6.39,1,,0.0,unique_keep,223.102,4.660400000000002,0.0,0,0,1,2,2,14,0.0
Mefenacet,CN(C(=O)COc1nc2ccccc2s1)c1ccccc1,-4.873,1,,0.0,unique_keep,298.367,3.3381000000000016,42.43000000000001,0,4,4,3,3,21,0.125
5-hydroxyquinoline,Oc1cccc2ncccc12,-2.54,1,,0.0,unique_keep,145.161,1.9404,33.120000000000005,1,2,0,2,2,11,0.0
Carboxin,CC1=C(C(=O)Nc2ccccc2)SCCO1,-3.14,1,,0.0,unique_keep,235.30799999999996,2.620000000000001,38.33,1,3,2,2,1,16,0.25
Ethoxyzolamide,CCOc1ccc2nc(S(N)(=O)=O)sc2c1,-3.81,1,,0.0,unique_keep,258.32399999999996,1.3424,82.28,1,5,3,2,2,16,0.2222222222222222
Pentachlorophenol,Oc1c(Cl)c(Cl)c(Cl)c(Cl)c1Cl,-4.28,1,,0.0,unique_keep,266.33799999999997,4.6592,20.23,1,1,0,1,1,12,0.0
Bromochloromethane,ClCBr,-0.89,1,,0.0,unique_keep,129.384,1.5776,0.0,0,0,0,0,0,3,1.0
metharbital,CCC1(CC)C(=O)NC(=O)N(C)C1=O,-2.23,1,,0.0,unique_keep,198.22199999999998,0.5009999999999999,66.48,1,3,2,1,0,14,0.6666666666666666
deoxycorticosterone acetate,CC(=O)OCC(=O)C1CCC2C3CCC4=CC(=O)CCC4(C)C3CCC12C,-4.63,1,,0.0,unique_keep,372.5050000000002,4.266700000000004,60.440000000000005,0,4,3,4,0,27,0.782608695652174
benzylurea,NC(=O)NCc1ccccc1,-0.95,1,,0.0,unique_keep,150.18099999999998,0.8548999999999998,55.120000000000005,2,1,2,1,1,11,0.125
Chlortoluron,Cc1ccc(NC(=O)N(C)C)cc1Cl,-3.483,1,,0.0,unique_keep,212.68,2.7419200000000012,32.34,1,1,1,1,1,14,0.3
Linuron,CON(C)C(=O)Nc1ccc(Cl)c(Cl)c1,-3.592,1,,0.0,unique_keep,249.09699999999998,3.0185000000000013,41.57,1,2,2,1,1,15,0.2222222222222222
Cycloheptanol,OC1CCCCCC1,-0.88,1,,0.0,unique_keep,114.188,1.7015,20.23,1,1,0,1,0,8,1.0
Thiamphenicol,CS(=O)(=O)c1ccc(C(O)C(CO)NC(=O)C(Cl)Cl)cc1,-2.154,1,,0.0,unique_keep,356.227,0.40430000000000005,103.70000000000002,3,5,6,1,1,21,0.4166666666666667
thiopental,CCCC(C)C1(CC)C(=O)NC(=S)NC1=O,-3.36,1,,0.0,unique_keep,242.34400000000002,1.3498999999999999,58.2,2,3,4,1,0,16,0.7272727272727273
acetazolamide,CC(=O)Nc1nnc(S(N)(=O)=O)s1,-2.36,1,,0.0,unique_keep,222.251,-0.8561000000000003,115.03999999999999,2,6,2,1,1,13,0.25
p-Nitrophenol,O=[N+]([O-])c1ccc(O)cc1,-0.74,1,,0.0,unique_keep,139.10999999999999,1.3003999999999998,63.370000000000005,1,3,1,1,1,10,0.0
Aldrin,ClC1=C(Cl)C2(Cl)C3C4C=CC(C4)C3C1(Cl)C2(Cl)Cl,-6.307,1,,0.0,unique_keep,364.914,5.270200000000002,0.0,0,0,0,4,0,18,0.6666666666666666
Tetrahydrofurane ,C1CCOC1,0.49,1,,0.0,unique_keep,72.107,0.7968,9.23,0,1,0,1,0,5,1.0
o-Nitroaniline,Nc1ccccc1[N+](=O)[O-],-1.96,1,,0.0,unique_keep,138.126,1.177,69.16,1,3,1,1,1,10,0.0
"2,2',3,3'-PCB",Clc1cccc(-c2cccc(Cl)c2Cl)c1Cl,-7.28,1,,0.0,unique_keep,291.99199999999996,5.967200000000002,0.0,0,0,1,2,2,16,0.0
phenylbutazone,CCCCC1C(=O)N(c2ccccc2)N(c2ccccc2)C1=O,-3.81,1,,0.0,unique_keep,308.3810000000001,3.7878000000000025,40.620000000000005,0,2,5,3,2,23,0.2631578947368421
"2,6-Dinitrotoluene",Cc1c([N+](=O)[O-])cccc1[N+](=O)[O-],-3.0,1,,0.0,unique_keep,182.13499999999996,1.81142,86.28,0,4,2,1,1,13,0.14285714285714285
Progesterone,CC(=O)C1CCC2C3CCC4=CC(=O)CCC4(C)C3CCC12C,-4.42,1,,0.0,unique_keep,314.46900000000005,4.723500000000005,34.14,0,2,1,4,0,23,0.8095238095238095
Chlorazine,CCN(CC)c1nc(Cl)nc(N(CC)CC)n1,-4.4110000000000005,1,,0.0,unique_keep,257.76899999999995,2.2173999999999996,45.150000000000006,0,5,6,1,1,17,0.7272727272727273
captafol,O=C1C2CC=CCC2C(=O)N1SC(Cl)(Cl)C(Cl)Cl,-5.4,1,,0.0,unique_keep,349.0659999999999,3.520900000000002,37.38,0,3,3,2,0,18,0.6
"1,2,4-tribromobenzene",Brc1ccc(Br)c(Br)c1,-4.5,1,,0.0,unique_keep,314.80199999999996,3.974100000000001,0.0,0,0,0,1,1,9,0.0
Oxazepam,O=C1Nc2ccc(Cl)cc2C(c2ccccc2)=NC1O,-3.952,1,,0.0,unique_keep,286.718,2.4479,61.69,2,3,1,3,2,20,0.06666666666666667
Secobarbital,C=CCC1(C(C)CCC)C(=O)NC(=O)NC1=O,-2.356,1,,0.0,unique_keep,238.28699999999998,1.3510999999999997,75.27000000000001,2,3,5,1,0,17,0.5833333333333334
Carvacrol,Cc1ccc(C(C)C)cc1O,-2.08,1,,0.0,unique_keep,150.221,2.8240200000000013,20.23,1,1,1,1,1,11,0.4
rhodanine,O=C1CSC(=S)N1,-1.77,1,,0.0,unique_keep,133.197,0.13430000000000003,29.1,1,3,0,1,0,7,0.3333333333333333
Morin,O=c1c(O)c(-c2ccc(O)cc2O)oc2cc(O)cc(O)c12,-3.083,1,,0.0,unique_keep,302.23800000000006,1.987999999999999,131.36,5,7,1,3,3,22,0.0
Kepone,O=C1C2(Cl)C3(Cl)C4(Cl)C(Cl)(Cl)C5(Cl)C3(Cl)C1(Cl)C5(Cl)C24Cl,-5.259,1,,0.0,unique_keep,490.63900000000024,4.6182,17.07,0,1,0,6,0,21,0.9
Disulfiram,CCN(CC)C(=S)SSC(=S)N(CC)CC,-4.86,1,,0.0,unique_keep,296.5520000000001,3.6212000000000026,6.48,0,4,4,0,0,16,0.8
Cyclohexane,C1CCCCC1,-3.1,1,,0.0,unique_keep,84.162,2.3406000000000002,0.0,0,0,0,1,0,6,1.0
Dienochlor,ClC1=C(Cl)C(Cl)(C2(Cl)C(Cl)=C(Cl)C(Cl)=C2Cl)C(Cl)=C1Cl,-7.278,1,,0.0,unique_keep,474.6400000000002,7.725599999999999,0.0,0,0,1,2,0,20,0.2
chlordimeform,Cc1cc(Cl)ccc1N=CN(C)C,-2.86,1,,0.0,unique_keep,196.68099999999998,2.8698200000000016,15.6,0,1,2,1,1,13,0.3
Equilenin,CC12CCc3c(ccc4cc(O)ccc34)C1CCC2=O,-5.24,1,,0.0,unique_keep,266.34,3.9444000000000026,37.3,1,2,0,4,2,20,0.3888888888888889
1-Octanol,CCCCCCCCO,-2.39,1,,0.0,unique_keep,130.23100000000002,2.3392000000000013,20.23,1,1,6,0,0,9,1.0
Diethyl sulfide,CCSCC,-1.34,1,,0.0,unique_keep,90.191,1.7593999999999999,0.0,0,1,2,0,0,5,1.0
"1,2-Dichloroethane",ClCCCl,-1.06,1,,0.0,unique_keep,98.96000000000001,1.464,0.0,0,0,1,0,0,4,1.0
2-Chloro-2-methylbutane,CCC(C)(C)Cl,-2.51,1,,0.0,unique_keep,106.59599999999999,2.4138,0.0,0,0,1,0,0,6,1.0
1-Chloro-2-bromoethane,ClCCBr,-1.32,1,,0.0,unique_keep,143.411,1.6200999999999999,0.0,0,0,1,0,0,4,1.0
p-Nitroaniline,Nc1ccc([N+](=O)[O-])cc1,-2.37,1,,0.0,unique_keep,138.126,1.177,69.16,1,3,1,1,1,10,0.0
Lactose,OCC1OC(OC2C(CO)OC(O)C(O)C2O)C(O)C(O)C1O,-0.244,1,,0.0,unique_keep,342.297,-5.397199999999993,189.52999999999997,8,11,4,2,0,23,1.0
RTI 2,CCN1C(=O)c2cccnc2N(CC)c2ncccc21,-2.86,1,,0.0,unique_keep,268.32,2.614700000000001,49.330000000000005,0,4,2,3,2,20,0.26666666666666666
Chlorobenzene,Clc1ccccc1,-2.38,1,,0.0,unique_keep,112.55899999999997,2.34,0.0,0,0,0,1,1,7,0.0
1-Nonene ,C=CCCCCCCC,-5.05,1,,0.0,unique_keep,126.243,3.5329000000000024,0.0,0,0,6,0,0,9,0.7777777777777778
p-Bromoiodobenzene,Brc1ccc(I)cc1,-4.56,1,,0.0,unique_keep,282.90599999999995,3.053700000000001,0.0,0,0,0,1,1,8,0.0
3-Methyl-3-pentanol,CCC(C)(O)CC,-0.36,1,,0.0,unique_keep,102.17699999999998,1.5574,20.23,1,1,2,0,0,7,1.0
Pentylbenzene,CCCCCc1ccccc1,-4.64,1,,0.0,unique_keep,148.249,3.4193000000000024,0.0,0,0,4,1,1,11,0.45454545454545453
allantoin,NC(=O)NC1NC(=O)NC1=O,-1.6,1,,0.0,unique_keep,158.117,-2.1798,113.32,4,3,1,1,0,11,0.25
Glafenine,O=C(OCC(O)CO)c1ccccc1Nc1ccnc2cc(Cl)ccc12,-4.571000000000001,1,,0.0,unique_keep,372.80800000000005,3.141800000000001,91.68,3,6,6,3,3,26,0.15789473684210525
"DDD|P,P'-DDD",Clc1ccc(C(c2ccc(Cl)cc2)C(Cl)Cl)cc1,-7.2,2,0.0,0.0,duplicate_aggregated,320.04600000000005,5.929000000000002,0.0,0,0,3,2,2,18,0.14285714285714285
testosterone acetate,CC(=O)OC1CCC2C3CCC4=CC(=O)CCC4(C)C3CCC12C,-5.184,1,,0.0,unique_keep,330.4680000000001,4.450000000000004,43.370000000000005,0,3,1,4,0,24,0.8095238095238095
1-Chloronapthalene,Clc1cccc2ccccc12,-3.93,1,,0.0,unique_keep,162.61899999999997,3.4932000000000016,0.0,0,0,0,2,2,11,0.0
RTI 19,CCN1c2ccccc2C(=O)N(C)c2ccccc21,-4.749,1,,0.0,unique_keep,252.31699999999998,3.4346000000000023,23.550000000000004,0,2,1,3,2,19,0.1875
2-Hexanol,CCCCC(C)O,-0.89,1,,0.0,unique_keep,102.17699999999998,1.5574,20.23,1,1,3,0,0,7,1.0
Propylcyclopentane,CCCC1CCCC1,-4.74,1,,0.0,unique_keep,112.21600000000001,2.976700000000002,0.0,0,0,2,1,0,8,1.0
Etomidate,CCOC(=O)c1cncn1C(C)c1ccccc1,-4.735,1,,0.0,unique_keep,244.294,2.669100000000001,44.12,0,3,4,2,2,18,0.2857142857142857
"3,4-Dichlorophenol",Oc1ccc(Cl)c(Cl)c1,-1.25,1,,0.0,unique_keep,163.00300000000001,2.6990000000000007,20.23,1,1,0,1,1,9,0.0
Cypermethrin,CC1(C)C(C=C(Cl)Cl)C1C(=O)OC(C#N)c1cccc(Oc2ccccc2)c1,-8.017000000000001,1,,0.0,unique_keep,416.30400000000014,6.177980000000004,59.32000000000001,0,4,6,3,2,28,0.2727272727272727
Benzoxazole,c1ccc2ocnc2c1,-1.16,1,,0.0,unique_keep,119.12299999999998,1.8277999999999999,26.03,0,2,0,2,2,9,0.0
1-Pentanol,CCCCCO,-0.6,1,,0.0,unique_keep,88.14999999999999,1.1689,20.23,1,1,3,0,0,6,1.0
"N,N-Diethylaniline",CCN(CC)c1ccccc1,-3.03,1,,0.0,unique_keep,149.237,2.532800000000001,3.24,0,1,3,1,1,11,0.4
"1,3-Difluorobenzene",Fc1cccc(F)c1,-2.0,1,,0.0,unique_keep,114.094,1.9648,0.0,0,0,0,1,1,8,0.0
3-chloropropionitrile,N#CCCCl,-0.29,1,,0.0,unique_keep,89.525,1.1388800000000001,23.79,0,1,1,0,0,5,0.6666666666666666
t-Pentylbenzene,CC(C)(C)Cc1ccccc1,-4.15,1,,0.0,unique_keep,148.249,3.2752000000000017,0.0,0,0,1,1,1,11,0.45454545454545453
o-Chloroiodobenzene,Clc1ccccc1I,-3.54,1,,0.0,unique_keep,238.45499999999998,2.9446000000000003,0.0,0,0,0,1,1,8,0.0
Benzotriazole,c1ccc2[nH]nnc2c1,-0.78,1,,0.0,unique_keep,119.127,0.9578999999999998,41.57,1,2,0,2,2,9,0.0
Carbofuran,CNC(=O)Oc1cccc2c1OC(C)(C)C2,-2.8,1,,0.0,unique_keep,221.25599999999994,2.1183,47.56,1,3,1,2,1,16,0.4166666666666667
"2,6-Dimethylphenol",Cc1cccc(C)c1O,-1.29,1,,0.0,unique_keep,122.16699999999999,2.00904,20.23,1,1,0,1,1,9,0.25
3-Methyl-2-butanol,CC(C)C(C)O,-0.18,1,,0.0,unique_keep,88.14999999999999,1.0231999999999999,20.23,1,1,1,0,0,6,1.0
benzhydrol,OC(c1ccccc1)c1ccccc1,-2.55,1,,0.0,unique_keep,184.238,2.768300000000001,20.23,1,1,2,2,2,14,0.07692307692307693
Methyl decanoate,CCCCCCCCCC(=O)OC,-4.69,1,,0.0,unique_keep,186.295,3.3001000000000023,26.3,0,2,8,0,0,13,0.9090909090909091
Dicapthon,COP(=S)(OC)Oc1ccc([N+](=O)[O-])cc1Cl,-4.31,1,,0.0,unique_keep,297.65599999999995,3.144300000000002,70.83,0,6,5,1,1,17,0.25
1-Bromo-2-methylpropane,CC(C)CBr,-2.43,1,,0.0,unique_keep,137.01999999999998,2.0373,0.0,0,0,1,0,0,5,1.0
Iodoethane,CCI,-1.6,1,,0.0,unique_keep,155.966,1.4413,0.0,0,0,0,0,0,3,1.0
Pirimicarb,Cc1nc(N(C)C)nc(OC(=O)N(C)C)c1C,-1.95,1,,0.0,unique_keep,238.29099999999997,1.2198399999999998,58.56,0,5,2,1,1,17,0.5454545454545454
1-Bromohexane,CCCCCCBr,-3.81,1,,0.0,unique_keep,165.074,2.9616000000000016,0.0,0,0,4,0,0,7,1.0
2-Methylpentane,CCCC(C)C,-3.74,1,,0.0,unique_keep,86.178,2.442500000000001,0.0,0,0,2,0,0,6,1.0
Tetrafluthrin,Cc1c(F)c(F)c(COC(=O)C2C(C=C(Cl)C(F)(F)F)C2(C)C)c(F)c1F,-7.321000000000001,1,,0.0,unique_keep,418.7360000000001,5.551820000000002,26.3,0,2,4,2,1,27,0.47058823529411764
Metolachlor,CCc1cccc(C)c1N(C(=O)CCl)C(C)COC,-2.73,1,,0.0,unique_keep,283.799,3.1641200000000014,29.540000000000003,0,2,6,1,1,19,0.5333333333333333
nifuroxime,O=[N+]([O-])c1ccc(C=NO)o1,-2.19,1,,0.0,unique_keep,156.09699999999998,0.9959,88.87,1,5,2,1,1,11,0.0
Fluvalinate,CC(C)C(Nc1ccc(C(F)(F)F)cc1Cl)C(=O)OC(C#N)c1cccc(Oc2ccccc2)c1,-8.003,1,,0.0,unique_keep,502.9200000000002,7.395680000000005,71.35,1,5,8,3,3,35,0.23076923076923078
Amitrole,Nc1nc[nH]n1,0.522,1,,0.0,unique_keep,84.082,-0.6131000000000002,67.59,2,3,0,1,1,6,0.0
Tribromomethane,BrC(Br)Br,-1.91,1,,0.0,unique_keep,252.731,2.4547,0.0,0,0,0,0,0,4,1.0
Trichlorfon,COP(=O)(OC)C(O)C(Cl)(Cl)Cl,-0.22,1,,0.0,unique_keep,257.437,2.1609000000000003,55.760000000000005,1,4,3,0,0,12,1.0
Phosalone,CCOP(=S)(OCC)SCn1c(=O)oc2cc(Cl)ccc21,-5.233,1,,0.0,unique_keep,367.8160000000001,4.236100000000003,53.6,0,6,7,2,2,21,0.4166666666666667
Phenylmethanol,OCc1ccccc1,-0.4,1,,0.0,unique_keep,108.13999999999997,1.1789,20.23,1,1,1,1,1,8,0.14285714285714285
Coumatetralyl,O=c1oc2ccccc2c(O)c1C1CCCc2ccccc21,-2.84,1,,0.0,unique_keep,292.33399999999995,3.9668000000000028,50.44,1,3,1,4,3,22,0.21052631578947367
4-Bromophenol,Oc1ccc(Br)cc1,-1.09,1,,0.0,unique_keep,173.00900000000001,2.1547,20.23,1,1,0,1,1,8,0.0
2-Bromopropane,CC(C)Br,-1.59,1,,0.0,unique_keep,122.993,1.7897,0.0,0,0,0,0,0,4,1.0
"2,2,4-Trimethylpentane",CC(C)CC(C)(C)C,-4.74,1,,0.0,unique_keep,114.23199999999999,3.0786000000000016,0.0,0,0,1,0,0,8,1.0
"1,3,5-Trinitrobenzene",O=[N+]([O-])c1cc([N+](=O)[O-])cc([N+](=O)[O-])c1,-2.89,1,,0.0,unique_keep,213.105,1.4111999999999998,129.42000000000002,0,6,3,1,1,15,0.0
Nimetazepam,CN1C(=O)CN=C(c2ccccc2)c2cc([N+](=O)[O-])ccc21,-3.796,1,,0.0,unique_keep,295.29800000000006,2.4086000000000007,75.81,0,4,2,3,2,22,0.125
Propane,CCC,-1.94,1,,0.0,unique_keep,44.096999999999994,1.4163,0.0,0,0,0,0,0,3,1.0
Minoxidil,Nc1cc(N2CCCCC2)nc(N)[n+]1[O-],-1.989,1,,0.0,unique_keep,209.25300000000001,-0.13029999999999975,95.11,2,5,1,2,1,15,0.5555555555555556
1-aminoacridine,Nc1cccc2nc3ccccc3cc12,-4.22,1,,0.0,unique_keep,194.23700000000002,2.970200000000001,38.91,1,2,0,3,3,15,0.0
Benzo(k)fluoranthene,c1ccc2cc3c(cc2c1)-c1cccc2cccc-3c12,-8.49,1,,0.0,unique_keep,252.31599999999997,5.640400000000003,0.0,0,0,0,5,4,20,0.0
Dicofol,OC(c1ccc(Cl)cc1)(c1ccc(Cl)cc1)C(Cl)(Cl)Cl,-5.666,1,,0.0,unique_keep,370.49,5.599500000000002,20.23,1,1,2,2,2,20,0.14285714285714285
Acenapthene,c1cc2c3c(cccc3c1)CC2,-4.63,1,,0.0,unique_keep,154.21199999999993,2.9384000000000006,0.0,0,0,0,3,2,12,0.16666666666666666
"1,4-Dibromobenzene",Brc1ccc(Br)cc1,-4.07,1,,0.0,unique_keep,235.90599999999998,3.2116000000000007,0.0,0,0,0,1,1,8,0.0
Methazole,Cn1c(=O)on(-c2ccc(Cl)c(Cl)c2)c1=O,-2.82,1,,0.0,unique_keep,261.064,1.4359999999999997,57.14,0,3,1,2,2,16,0.1111111111111111
p-Phenylphenol,Oc1ccc(-c2ccccc2)cc1,-3.48,1,,0.0,unique_keep,170.211,3.0592000000000015,20.23,1,1,1,2,2,13,0.0
pyracarbolid,CC1=C(C(=O)Nc2ccccc2)CCCO1,-2.56,1,,0.0,unique_keep,217.26799999999994,2.709500000000001,38.33,1,2,2,2,1,16,0.3076923076923077
Ethyl vinyl ether,C=COCC,-0.85,1,,0.0,unique_keep,72.107,1.1664,9.23,0,1,2,0,0,5,0.5
1-Butyne,C#CCC,-1.24,1,,0.0,unique_keep,54.092,1.0295999999999998,0.0,0,0,0,0,0,4,0.5
4-methoxypteridine,COc1ncnc2nccnc12,-1.11,1,,0.0,unique_keep,162.15200000000002,0.4283999999999998,60.790000000000006,0,5,1,2,2,12,0.14285714285714285
3-Methyl-3-heptanol,CCCCC(C)(O)CC,-1.6,1,,0.0,unique_keep,130.23099999999997,2.3376,20.23,1,1,4,0,0,9,1.0
"1,4-Dichlorobenzene",Clc1ccc(Cl)cc1,-3.27,1,,0.0,unique_keep,147.00400000000002,2.993400000000001,0.0,0,0,0,1,1,8,0.0
3-Ethanoyloxymethylphenytoin,CC(=O)OCN1C(=O)NC(c2ccccc2)(c2ccccc2)C1=O,-4.47,1,,0.0,unique_keep,324.33600000000007,2.0026,75.71000000000001,1,4,4,3,2,24,0.16666666666666666
"Sparsomycin (3,8mg/ml)",CSCS(=O)CC(CO)NC(=O)C=Cc1c(C)[nH]c(=O)[nH]c1=O,-1.981,1,,0.0,unique_keep,361.4450000000001,-1.068879999999999,132.11999999999998,4,6,8,1,1,23,0.46153846153846156
3-methylindole,Cc1c[nH]c2ccccc12,-2.42,1,,0.0,unique_keep,131.17799999999997,2.4763200000000003,15.79,1,0,0,2,2,10,0.1111111111111111
2-methoxypteridine,COc1ncc2nccnc2n1,-1.11,1,,0.0,unique_keep,162.152,0.42839999999999984,60.790000000000006,0,5,1,2,2,12,0.14285714285714285
Dioxacarb,CNC(=O)Oc1ccccc1C1OCCO1,-1.57,1,,0.0,unique_keep,223.22799999999995,1.4502,56.790000000000006,1,4,2,2,1,16,0.36363636363636365
isocarbamid,CC(C)CNC(=O)N1CCNC1=O,-2.15,1,,0.0,unique_keep,185.22699999999998,0.3772000000000003,61.440000000000005,2,2,2,1,0,13,0.75
Acetonitrile,CC#N,0.26,1,,0.0,unique_keep,41.053,0.52988,23.79,0,1,0,0,0,3,0.5
Fenoxycarb,CCOC(=O)NCCOc1ccc(Oc2ccccc2)cc1,-4.7,1,,0.0,unique_keep,301.34200000000004,3.6038000000000023,56.790000000000006,1,4,7,2,2,22,0.23529411764705882
acetyl sulfisoxazole,CC(=O)N(c1onc(C)c1C)S(=O)c1ccc(N)cc1,-3.59,1,,0.0,unique_keep,293.348,1.9493399999999999,89.43,1,5,3,2,2,20,0.23076923076923078
"1,1,1,2-Tetrachloroethane",ClCC(Cl)(Cl)Cl,-2.18,1,,0.0,unique_keep,167.85,2.5954000000000006,0.0,0,0,0,0,0,6,1.0
1-Butanol,CCCCO,0.0,1,,0.0,unique_keep,74.12299999999999,0.7787999999999999,20.23,1,1,2,0,0,5,1.0
Siduron,CC1CCCCC1NC(=O)Nc1ccccc1,-4.11,1,,0.0,unique_keep,232.32700000000003,3.386800000000001,41.13,2,1,2,2,1,17,0.5
"1,3,5-Trichlorobenzene",Clc1cc(Cl)cc(Cl)c1,-4.48,1,,0.0,unique_keep,181.449,3.6468000000000007,0.0,0,0,0,1,1,9,0.0
Furfural,O=Cc1ccco1,-0.1,1,,0.0,unique_keep,96.08499999999998,1.0920999999999998,30.21,0,2,1,1,1,7,0.0
3-Methylbutan-1-ol,CC(C)CCO,-0.51,1,,0.0,unique_keep,88.14999999999999,1.0248,20.23,1,1,2,0,0,6,1.0
piperonal,O=Cc1ccc2c(c1)OCO2,-1.63,1,,0.0,unique_keep,150.13299999999995,1.2278,35.53,0,3,1,2,1,11,0.125
2-Methylpropene,C=C(C)C,-2.33,1,,0.0,unique_keep,56.10799999999999,1.5824,0.0,0,0,0,0,0,4,0.5
Benzaldehyde,O=Cc1ccccc1,-1.19,1,,0.0,unique_keep,106.12399999999997,1.4990999999999999,17.07,0,1,1,1,1,8,0.0
"2,3-Dimethyl-1,3-Butadiene",C=C(C)C(=C)C,-2.4,1,,0.0,unique_keep,82.14599999999999,2.1386000000000003,0.0,0,0,1,0,0,6,0.3333333333333333
Benfuracarb,CCOC(=O)CCN(SN(C)C(=O)Oc1cccc2c1OC(C)(C)C2)C(C)C,-4.71,1,,0.0,unique_keep,410.53600000000023,4.057500000000004,68.31,0,7,8,2,1,28,0.6
RTI 10,CN1C(=O)c2cccnc2Oc2ccccc21,-3.672,1,,0.0,unique_keep,226.23499999999999,2.4639000000000006,42.43000000000001,0,3,0,3,2,17,0.07692307692307693
Fluorene ,c1ccc2c(c1)Cc1ccccc1-2,-5.0,1,,0.0,unique_keep,166.22299999999998,3.2578000000000014,0.0,0,0,0,3,2,13,0.07692307692307693
Methylcyclohexane ,CC1CCCCC1,-3.85,1,,0.0,unique_keep,98.18900000000001,2.5866000000000007,0.0,0,0,0,1,0,7,1.0
sulfaguanidine,N=C(N)NS(=O)(=O)c1ccc(N)cc1,-1.99,1,,0.0,unique_keep,214.25,-0.5594299999999999,122.05999999999999,4,4,2,1,1,14,0.0
Methylparaben,COC(=O)c1ccc(O)cc1,-1.827,1,,0.0,unique_keep,152.149,1.1788,46.53,1,3,1,1,1,11,0.125
2-Methyltetrahydrofurane,CC1CCCO1,0.11,1,,0.0,unique_keep,86.134,1.1853,9.23,0,1,0,1,0,6,1.0
Santonin,CC1=C2C3OC(=O)C(C)C3CCC2(C)C=CC1=O,-3.09,1,,0.0,unique_keep,246.30599999999995,2.419600000000001,43.370000000000005,0,3,0,3,0,18,0.6
Salicin,OCc1ccccc1OC1OC(CO)C(O)C(O)C1O,-0.85,1,,0.0,unique_keep,286.28,-1.6424000000000003,119.61000000000001,5,7,4,2,1,20,0.5384615384615384
1-Iodopropane,CCCI,-2.29,1,,0.0,unique_keep,169.993,1.8314,0.0,0,0,1,0,0,4,1.0
Ametryn,CCNc1nc(NC(C)C)nc(SC)n1,-3.04,1,,0.0,unique_keep,227.337,1.8455999999999997,62.730000000000004,2,6,5,1,1,15,0.6666666666666666
1-Propanol,CCCO,0.62,1,,0.0,unique_keep,60.096,0.3887,20.23,1,1,1,0,0,4,1.0
Hydroxyprogesterone-17a,CC(=O)C1(O)CCC2C3CCC4=CC(=O)CCC4(C)C3CCC21C,-3.817,1,,0.0,unique_keep,330.4680000000001,3.8384000000000027,54.37,1,3,1,4,0,24,0.8095238095238095
2-Pentanol,CCCC(C)O,-0.29,1,,0.0,unique_keep,88.14999999999999,1.1673,20.23,1,1,2,0,0,6,1.0
benzoin,O=C(c1ccccc1)C(O)c1ccccc1,-2.85,1,,0.0,unique_keep,212.248,2.602900000000001,37.3,1,2,3,2,2,16,0.07142857142857142
"2,4-Dimethylphenol",Cc1ccc(O)c(C)c1,-1.19,1,,0.0,unique_keep,122.16699999999999,2.0090399999999997,20.23,1,1,0,1,1,9,0.25
m-Chloronitrobenzene ,O=[N+]([O-])c1cccc(Cl)c1,-2.77,1,,0.0,unique_keep,157.55599999999998,2.2482000000000006,43.14,0,2,1,1,1,10,0.0
ampyrone,Cc1c(N)c(=O)n(-c2ccccc2)n1C,-0.624,1,,0.0,unique_keep,203.245,1.0666200000000003,52.95,1,2,1,2,2,15,0.18181818181818182
"2,2',4,5'-PCB",Clc1ccc(-c2cc(Cl)ccc2Cl)c(Cl)c1,-6.57,1,,0.0,unique_keep,291.99199999999996,5.967200000000001,0.0,0,0,1,2,2,16,0.0
"Hexachloro-1,3-butadiene",ClC(Cl)=C(Cl)C(Cl)=C(Cl)Cl,-4.92,1,,0.0,unique_keep,260.762,4.7574,0.0,0,0,1,0,0,10,0.0
Terbutryn,CCNc1nc(NC(C)(C)C)nc(SC)n1,-4.0,1,,0.0,unique_keep,241.364,2.2356999999999996,62.730000000000004,2,6,4,1,1,16,0.7
3-Methyl-2-pentanol,CCC(C)CCO,-0.71,1,,0.0,unique_keep,102.17699999999999,1.4149,20.23,1,1,3,0,0,7,1.0
2-methylpteridine,Cc1ncc2nccnc2n1,-0.12,1,,0.0,unique_keep,146.153,0.7282199999999999,51.56,0,4,0,2,2,11,0.14285714285714285
Danazol,C#CC1(O)CCC2C3CCC4=Cc5oncc5CC4(C)C3CCC21C,-5.507000000000001,1,,0.0,unique_keep,337.46300000000014,4.221000000000004,46.260000000000005,1,3,0,5,1,25,0.6818181818181818
1-Iodobutane,CCCCI,-2.96,1,,0.0,unique_keep,184.01999999999998,2.2215,0.0,0,0,2,0,0,5,1.0
"Digoxin (L1=41,8mg/mL, L2=68,2mg/mL, Z=40,1mg/mL)",CC1OC(OC2C(O)CC(OC3C(O)CC(OC4CCC5(C)C(CCC6C5CC(O)C5(C)C(C7=CC(=O)OC7)CCC65O)C4)OC3C)OC2C)CC(O)C1O,-4.081,1,,0.0,unique_keep,780.9490000000002,2.218100000000003,203.05999999999997,6,14,7,8,0,55,0.926829268292683
Benzyltrifluoride,FC(F)(F)c1ccccc1,-2.51,1,,0.0,unique_keep,146.111,2.705400000000001,0.0,0,0,0,1,1,10,0.14285714285714285
Dihexyl phthalate,CCCCCCOC(=O)c1ccccc1C(=O)OCCCCCC,-6.144,1,,0.0,unique_keep,334.45600000000024,5.160800000000005,52.60000000000001,0,4,12,1,1,24,0.6
Dibenzothiophene,c1ccc2c(c1)sc1ccccc12,-4.38,1,,0.0,unique_keep,184.263,4.054500000000002,0.0,0,1,0,3,3,13,0.0
"2,3',4,4'-PCB",Clc1ccc(-c2ccc(Cl)c(Cl)c2Cl)c(Cl)c1,-7.8,1,,0.0,unique_keep,326.437,6.6206000000000005,0.0,0,0,1,2,2,17,0.0
"2,2',3,3',4,4'-PCB",Clc1ccc(-c2ccc(Cl)c(Cl)c2Cl)c(Cl)c1Cl,-8.01,1,,0.0,unique_keep,360.88200000000006,7.274,0.0,0,0,1,2,2,18,0.0
Warfarin,CC(=O)CC(c1ccccc1)c1c(O)c2ccccc2oc1=O,-3.893,1,,0.0,unique_keep,308.3330000000001,3.609600000000003,67.50999999999999,1,4,4,3,3,23,0.15789473684210525
hydrobenzoin,OC(c1ccccc1)C(O)c1ccccc1,-1.93,1,,0.0,unique_keep,214.264,2.4536,40.46,2,2,3,2,2,16,0.14285714285714285
Dimethyl phthalate,COC(=O)c1ccccc1C(=O)OC,-1.66,1,,0.0,unique_keep,194.18599999999995,1.2597999999999998,52.60000000000001,0,4,2,1,1,14,0.2
Ethyl octanoate,CCCCCCCC(=O)OCC,-3.39,1,,0.0,unique_keep,172.26799999999997,2.910000000000001,26.3,0,2,7,0,0,12,0.9
Diethyldisulfide,CCSSCC,-2.42,1,,0.0,unique_keep,122.258,2.4076000000000004,0.0,0,2,3,0,0,6,1.0
"1,2-Diethoxyethane ",CCOCCOCC,-0.77,1,,0.0,unique_keep,118.176,1.0594000000000001,18.46,0,2,5,0,0,8,1.0
"1,2,4,5-Tetrachlorobenzene",Clc1cc(Cl)c(Cl)cc1Cl,-5.56,1,,0.0,unique_keep,215.894,4.3002,0.0,0,0,0,1,1,10,0.0
p-benzidine,Nc1ccc(-c2ccc(N)cc2)cc1,-2.7,1,,0.0,unique_keep,184.242,2.5180000000000007,52.04,2,2,1,2,2,14,0.0
1-Heptene,C=CCCCCC,-3.73,1,,0.0,unique_keep,98.189,2.752700000000001,0.0,0,0,4,0,0,7,0.7142857142857143
Ethirimol,CCCCc1c(C)nc(NCC)[nH]c1=O,-3.028,1,,0.0,unique_keep,209.29299999999998,1.85272,57.78,2,3,5,1,1,15,0.6363636363636364
Pentobarbital,CCCC(C)C1(CC)C(=O)NC(=O)NC1=O,-2.39,1,,0.0,unique_keep,226.276,1.1849999999999998,75.27000000000001,2,3,4,1,0,16,0.7272727272727273
o-Chloroaniline,Nc1ccccc1Cl,-1.52,1,,0.0,unique_keep,127.574,1.9222,26.02,1,1,0,1,1,8,0.0
3-Chloroanisole,COc1cccc(Cl)c1,-2.78,1,,0.0,unique_keep,142.58499999999998,2.3486000000000002,9.23,0,1,1,1,1,9,0.14285714285714285
Pebulate,CCCCN(CC)C(=O)SCCC,-3.53,1,,0.0,unique_keep,203.35099999999997,3.3716000000000026,20.310000000000002,0,2,6,0,0,13,0.9
Butyl acetate,CCCCOC=O,-1.37,1,,0.0,unique_keep,102.13299999999998,0.9595,26.3,0,2,4,0,0,7,0.8
Prednisolone,CC12C=CC(=O)C=C1CCC1C2C(O)CC2(C)C1CCC2(O)C(=O)CO,-3.18,1,,0.0,unique_keep,360.4500000000002,1.5575999999999999,94.83,3,5,2,4,0,26,0.7142857142857143
Bromodichloromethane,ClC(Cl)Br,-1.54,1,,0.0,unique_keep,163.829,2.1425,0.0,0,0,0,0,0,4,1.0
adrenosterone,CC12CC(=O)C3C(CCC4=CC(=O)CCC43C)C1CCC2=O,-3.48,1,,0.0,unique_keep,300.3980000000001,3.2664000000000017,51.21,0,3,0,4,0,22,0.7368421052631579
p-terphenyl,c1ccc(-c2ccc(-c3ccccc3)cc2)cc1,-7.11,1,,0.0,unique_keep,230.31,5.0206000000000035,0.0,0,0,2,3,3,18,0.0
p-Hydroxybenzaldehyde ,O=Cc1ccc(O)cc1,-0.96,1,,0.0,unique_keep,122.12299999999996,1.2047,37.3,1,2,1,1,1,9,0.0
Bromomethane,CBr,-0.79,1,,0.0,unique_keep,94.939,1.0110999999999999,0.0,0,0,0,0,0,2,1.0
Perfluidone,Cc1cc(S(=O)(=O)c2ccccc2)ccc1NS(=O)(=O)C(F)(F)F,-3.8,1,,0.0,unique_keep,379.3810000000001,3.0893200000000007,80.31,1,4,4,2,2,24,0.14285714285714285
Coumachlor,CC(=O)CC(c1ccc(Cl)cc1)c1c(O)c2ccccc2oc1=O,-5.839,1,,0.0,unique_keep,342.7780000000001,4.263000000000003,67.50999999999999,1,4,4,3,3,24,0.15789473684210525
2-Ethylnaphthalene,CCc1ccc2ccccc2c1,-4.29,1,,0.0,unique_keep,156.22799999999998,3.4022000000000014,0.0,0,0,1,2,2,12,0.16666666666666666
5-methylcytosine,Cc1c[nH]c(=O)nc1N,-1.4580000000000002,1,,0.0,unique_keep,125.13100000000001,-0.33948000000000017,71.77,2,3,0,1,1,9,0.2
"2,3,4,5,6-PCB",Clc1c(Cl)c(Cl)c(-c2ccccc2)c(Cl)c1Cl,-7.92,1,,0.0,unique_keep,326.437,6.620600000000001,0.0,0,0,1,2,2,17,0.0
benodanil,O=C(Nc1ccccc1)c1ccccc1I,-4.21,1,,0.0,unique_keep,323.133,3.5435000000000016,29.1,1,1,2,2,2,16,0.0
Riboflavin,Cc1cc2nc3c(=O)[nH]c(=O)nc-3n(CC(O)C(O)C(O)CO)c2cc1C,-3.685,1,,0.0,unique_keep,376.36900000000014,-1.7235599999999989,161.56,5,8,5,3,1,27,0.4117647058823529
o-Fluorobromobenzene,Fc1ccccc1Br,-2.7,1,,0.0,unique_keep,175.0,2.5882000000000005,0.0,0,0,0,1,1,8,0.0
"2,4-Dichlorophenol ",Oc1ccc(Cl)cc1Cl,-1.55,1,,0.0,unique_keep,163.003,2.699,20.23,1,1,0,1,1,9,0.0
Permethrin,CC1(C)C(C=C(Cl)Cl)C1C(=O)OCc1cccc(Oc2ccccc2)c1,-6.291,1,,0.0,unique_keep,391.2940000000001,6.113300000000004,35.53,0,3,6,3,2,26,0.2857142857142857
piroxicam,CN1C(C(=O)Nc2ccccn2)=C(O)c2ccccc2S1(=O)=O,-4.16,1,,0.0,unique_keep,331.35300000000007,1.5809999999999997,99.6,2,5,2,3,2,23,0.06666666666666667
3-Propanoyloxymethylphenytoin,CCC(=O)OCN1C(=O)NC(c2ccccc2)(c2ccccc2)C1=O,-4.907,1,,0.0,unique_keep,338.3630000000001,2.3927000000000005,75.71000000000001,1,4,5,3,2,25,0.21052631578947367
Cyclopentane ,C1CCCC1,-2.64,1,,0.0,unique_keep,70.135,1.9505000000000001,0.0,0,0,0,1,0,5,1.0
o-Toluidine,Cc1ccccc1N,-2.21,1,,0.0,unique_keep,107.156,1.57722,26.02,1,1,0,1,1,8,0.14285714285714285
Estragole,C=CCc1ccc(OC)cc1,-2.92,1,,0.0,unique_keep,148.20499999999998,2.4237,9.23,0,1,3,1,1,11,0.2
karbutilate,CN(C)C(=O)Nc1cccc(OC(=O)NC(C)(C)C)c1,-2.93,1,,0.0,unique_keep,279.34,2.6670000000000007,70.67,2,3,2,1,1,20,0.42857142857142855
3-Methyl-1-Butene,C=CC(C)C,-2.73,1,,0.0,unique_keep,70.13499999999999,1.8284,0.0,0,0,1,0,0,5,0.6
2-Hydroxypyridine,Oc1ccccn1,1.02,1,,0.0,unique_keep,95.101,0.7871999999999999,33.120000000000005,1,2,0,1,1,7,0.0
Ethane,CC,-1.36,1,,0.0,unique_keep,30.07,1.0262,0.0,0,0,0,0,0,2,1.0
"1,2-Dichlorobenzene",Clc1ccccc1Cl,-3.05,1,,0.0,unique_keep,147.00399999999996,2.9934000000000003,0.0,0,0,0,1,1,8,0.0
mercaptobenzothiazole,Sc1nc2ccccc2s1,-3.18,1,,0.0,unique_keep,167.25799999999998,2.585,12.89,1,3,0,2,2,10,0.0
"2,2',3,3',4,4',5,5',6,6'-PCB",Clc1c(Cl)c(Cl)c(-c2c(Cl)c(Cl)c(Cl)c(Cl)c2Cl)c(Cl)c1Cl,-11.6,1,,0.0,unique_keep,498.66200000000026,9.887599999999999,0.0,0,0,1,2,2,22,0.0
Methoxsalen,COc1c2occc2cc2ccc(=O)oc12,-3.664,1,,0.0,unique_keep,216.19199999999995,2.5478000000000005,52.58,0,4,1,3,3,16,0.08333333333333333
Acetamide,CC(N)=O,1.58,1,,0.0,unique_keep,59.068,-0.5084000000000002,43.09,1,1,0,0,0,4,0.5
1-Methylnaphthalene,Cc1cccc2ccccc12,-3.7,1,,0.0,unique_keep,142.201,3.148220000000002,0.0,0,0,0,2,2,11,0.09090909090909091
Napropamide,CCN(CC)C(=O)C(C)Oc1cccc2ccccc12,-3.57,1,,0.0,unique_keep,271.36,3.475500000000002,29.540000000000003,0,2,5,2,2,20,0.35294117647058826
"3,3-Dimethyl-2-butanol",CC(O)C(C)(C)C,-0.62,1,,0.0,unique_keep,102.17699999999999,1.4133,20.23,1,1,0,0,0,7,1.0
Methyl pentanoate,CCCC(=O)OCC,-1.36,1,,0.0,unique_keep,116.15999999999998,1.3496000000000001,26.3,0,2,3,0,0,8,0.8333333333333334
Menadione,CC1=CC(=O)c2ccccc2C1=O,-3.03,1,,0.0,unique_keep,172.18299999999996,2.0119000000000002,34.14,0,2,0,2,1,13,0.09090909090909091
Phenanthrene,c1ccc2c(c1)ccc1ccccc12,-5.26,1,,0.0,unique_keep,178.23399999999998,3.993000000000002,0.0,0,0,0,3,3,14,0.0
"2,4-Dimethylpyridine",Cc1ccnc(C)c1,0.38,1,,0.0,unique_keep,107.15599999999999,1.69844,12.89,0,1,0,1,1,8,0.2857142857142857
1-Nonanol,CCCCCCCCCO,-3.01,1,,0.0,unique_keep,144.258,2.7293000000000016,20.23,1,1,7,0,0,10,1.0
Dibromomethane,BrCBr,-1.17,1,,0.0,unique_keep,173.83499999999998,1.7337,0.0,0,0,0,0,0,3,1.0
Dexamethasone,CC1CC2C3CCC4=CC(=O)C=CC4(C)C3(F)C(O)CC2(C)C1(O)C(=O)CO,-3.59,1,,0.0,unique_keep,392.4670000000002,1.8957000000000002,94.83,3,5,2,4,0,28,0.7272727272727273
"2,6-Dimethylnaphthalene ",Cc1ccc2cc(C)ccc2c1,-4.89,1,,0.0,unique_keep,156.228,3.456640000000002,0.0,0,0,0,2,2,12,0.16666666666666666
Butylate,CCSC(=O)N(CC(C)C)CC(C)C,-3.68,1,,0.0,unique_keep,217.378,3.4735000000000023,20.310000000000002,0,2,5,0,0,14,0.9090909090909091
nitroglycerin,O=[N+]([O-])OCC(CO[N+](=O)[O-])O[N+](=O)[O-],-2.22,1,,0.0,unique_keep,227.08499999999998,-1.0200999999999996,157.11,0,9,8,0,0,15,1.0
m-Nitroaniline,Nc1cccc([N+](=O)[O-])c1,-2.19,1,,0.0,unique_keep,138.126,1.177,69.16,1,3,1,1,1,10,0.0
1-Chlorobutane,CCCCCl,-2.03,1,,0.0,unique_keep,92.56899999999999,2.0253,0.0,0,0,2,0,0,5,1.0
triforine,O=CNC(N1C=CN(C(NC=O)C(Cl)(Cl)Cl)C=C1)C(Cl)(Cl)Cl,-4.19,1,,0.0,unique_keep,430.93399999999997,2.431000000000001,64.68,2,4,6,1,0,22,0.4
Fluridone,Cn1cc(-c2ccccc2)c(=O)c(-c2cccc(C(F)(F)F)c2)c1,-4.445,1,,0.0,unique_keep,329.32099999999997,4.738100000000003,22.0,0,1,2,3,3,24,0.10526315789473684
6-aminochrysene,Nc1cc2c3ccccc3ccc2c2ccccc12,-6.2,1,,0.0,unique_keep,243.309,4.728400000000002,26.02,1,1,0,4,4,19,0.0
Estrone,CC12CCC3c4ccc(O)cc4CCC3C1CCC2=O,-3.955,1,,0.0,unique_keep,270.37199999999996,3.817400000000002,37.3,1,2,0,4,1,20,0.6111111111111112
RTI 17,CCN1c2ccccc2N(C)C(=S)c2cccnc21,-4.706,1,,0.0,unique_keep,269.373,3.3649000000000022,19.37,0,3,1,3,2,19,0.2
"1,2-Propylene oxide",CC1CO1,-0.59,1,,0.0,unique_keep,58.08,0.4051,12.53,0,1,0,1,0,4,1.0
Nitrazepam,O=C1CN=C(c2ccccc2)c2cc([N+](=O)[O-])ccc2N1,-3.796,1,,0.0,unique_keep,281.27099999999996,2.3842999999999996,84.6,1,4,2,3,2,21,0.06666666666666667
"1,3-diethylthiourea",CCNC(=S)NCC,-1.46,1,,0.0,unique_keep,132.232,0.49030000000000007,24.06,2,1,2,0,0,8,0.8
"2,3,5-Trichlorophenol",Oc1cc(Cl)cc(Cl)c1Cl,-2.67,1,,0.0,unique_keep,197.44799999999998,3.3523999999999994,20.23,1,1,0,1,1,10,0.0
Propyl propanoate,CCCCC(=O)OC,-1.34,1,,0.0,unique_keep,116.15999999999998,1.3496000000000001,26.3,0,2,3,0,0,8,0.8333333333333334
Aniline ,Nc1ccccc1,-0.41,1,,0.0,unique_keep,93.12899999999999,1.2688000000000001,26.02,1,1,0,1,1,7,0.0
"1,5-Dimethlnapthalene",Cc1cccc2c(C)cccc12,-4.678999999999999,1,,0.0,unique_keep,156.228,3.456640000000002,0.0,0,0,0,2,2,12,0.16666666666666666
hydrochlorothiazide,NS(=O)(=O)c1cc2c(cc1Cl)NCNS2(=O)=O,-2.63,1,,0.0,unique_keep,297.74500000000006,-0.35129999999999967,118.35999999999999,3,5,1,2,1,17,0.14285714285714285
Acenapthylene,C1=Cc2cccc3cccc1c23,-3.96,1,,0.0,unique_keep,152.19599999999994,3.3236000000000017,0.0,0,0,0,3,2,12,0.0
Ethyl butyrate,CCCCCOC(=O)CC,-1.28,1,,0.0,unique_keep,144.21399999999997,2.1298000000000004,26.3,0,2,5,0,0,10,0.875
Atratone,CCNc1nc(NC(C)C)nc(OC)n1,-2.084,1,,0.0,unique_keep,211.26899999999998,1.1322999999999996,71.96000000000001,2,6,5,1,1,15,0.6666666666666666
Benzo(a)pyrene,c1ccc2c(c1)cc1ccc3cccc4ccc2c1c34,-8.699,1,,0.0,unique_keep,252.31599999999997,5.737200000000003,0.0,0,0,0,5,5,20,0.0
Bromoethane,CCBr,-1.09,1,,0.0,unique_keep,108.966,1.4012,0.0,0,0,0,0,0,3,1.0
3-Hexyne,CCC#CCC,-1.99,1,,0.0,unique_keep,82.14599999999999,1.8098,0.0,0,0,0,0,0,6,0.6666666666666666
Digitoxin,CC1OC(OC2C(O)CC(OC3C(O)CC(OC4CCC5(C)C(CCC6C5CCC5(C)C(C7=CC(=O)OC7)CCC65O)C4)OC3C)OC2C)CC(O)C1O,-5.292999999999999,1,,0.0,unique_keep,764.9500000000003,3.2473000000000014,182.82999999999998,5,13,7,8,0,54,0.926829268292683
2-Methyl-1-Butene,C=C(C)CC,-2.73,1,,0.0,unique_keep,70.13499999999999,1.9725,0.0,0,0,1,0,0,5,0.6
8-quinolinol,Oc1cccc2cccnc12,-2.42,1,,0.0,unique_keep,145.16099999999997,1.9403999999999995,33.120000000000005,1,2,0,2,2,11,0.0
"1,2,3,4-Tetrahydronapthalene",c1ccc2c(c1)CCCC2,-4.37,1,,0.0,unique_keep,132.206,2.5654000000000003,0.0,0,0,0,2,1,10,0.4
phenolphthalein,O=C1OC(c2ccc(O)cc2)(c2ccc(O)cc2)c2ccccc21,-2.9,1,,0.0,unique_keep,318.32800000000003,3.560100000000002,66.76,2,4,2,4,3,24,0.05
"1,3,5-Tribromobenzene",Brc1cc(Br)cc(Br)c1,-5.6,1,,0.0,unique_keep,314.802,3.974100000000001,0.0,0,0,0,1,1,9,0.0
Ronnel,COP(=S)(OC)Oc1cc(Cl)c(Cl)cc1Cl,-5.72,1,,0.0,unique_keep,321.549,4.542900000000002,27.69,0,4,4,1,1,16,0.25
methylthiouracil,Cc1cc(=O)[nH]c(=S)[nH]1,-2.436,1,,0.0,unique_keep,142.18300000000002,0.74091,48.65,2,2,0,1,1,9,0.2
Eugenol,C=CCc1ccc(O)c(OC)c1,-1.56,1,,0.0,unique_keep,164.20399999999995,2.1292999999999997,29.46,1,2,3,1,1,12,0.2
5-Allyl-5-isopropylbarbital,C=CCC1(C(C)C)C(=O)NC(=O)NC1=O,-1.7080000000000002,1,,0.0,unique_keep,210.23299999999998,0.5709000000000001,75.27000000000001,2,3,3,1,0,15,0.5
Pyrene,c1cc2ccc3cccc4ccc(c1)c2c34,-6.176,1,,0.0,unique_keep,202.25599999999997,4.584000000000002,0.0,0,0,0,4,4,16,0.0
"1,1-Diethoxyethane ",CCOC(C)OCC,-0.43,1,,0.0,unique_keep,118.176,1.4054,18.46,0,2,4,0,0,8,1.0
Clomazone,CC1(C)CON(Cc2ccccc2Cl)C1=O,-2.338,1,,0.0,unique_keep,239.702,2.6400000000000006,29.54,0,2,2,2,1,16,0.4166666666666667
2-Butoxyethanol,CCCCOCCO,-0.42,1,,0.0,unique_keep,118.17599999999999,0.7953999999999999,29.46,1,2,5,0,0,8,1.0
Quintozene,O=[N+]([O-])c1c(Cl)c(Cl)c(Cl)c(Cl)c1Cl,-5.82,1,,0.0,unique_keep,295.336,4.8618,43.14,0,2,1,1,1,14,0.0
Flurochloridone,O=C1C(Cl)C(CCl)CN1c1cccc(C(F)(F)F)c1,-4.047,1,,0.0,unique_keep,312.118,3.514400000000002,20.310000000000002,0,1,2,2,1,19,0.4166666666666667
Quinoline,c1ccc2ncccc2c1,-1.3,1,,0.0,unique_keep,129.16199999999998,2.2348,12.89,0,1,0,2,2,10,0.0
methyl gallate,COC(=O)c1cc(O)c(O)c(O)c1,-1.24,1,,0.0,unique_keep,184.147,0.5899999999999996,86.99000000000001,3,5,1,1,1,13,0.125
fluconazole,OC(Cn1cncn1)(Cn1cncn1)c1ccc(F)cc1F,-1.8,1,,0.0,unique_keep,306.276,0.7357999999999993,81.64999999999999,1,5,5,3,3,22,0.23076923076923078
Chlorzoxazone,O=c1[nH]c2cc(Cl)ccc2o1,-2.8310000000000004,1,,0.0,unique_keep,169.56699999999998,1.7745,46.0,1,2,0,2,2,11,0.0
"2,2',3,4,4',5',6-PCB",Clc1ccc(-c2c(Cl)c(Cl)c(Cl)c(Cl)c2Cl)c(Cl)c1,-7.92,1,,0.0,unique_keep,395.3270000000001,7.9274000000000004,0.0,0,0,1,2,2,19,0.0
alloxan,O=C1NC(=O)C(=O)C(=O)N1,-1.25,1,,0.0,unique_keep,142.07,-2.0785,92.34,2,4,0,1,0,10,0.0
"1,3-Dichloropropane",ClCCCCl,-1.62,1,,0.0,unique_keep,112.98700000000001,1.8540999999999999,0.0,0,0,2,0,0,5,1.0
m-Fluorobromobenzene,Fc1cccc(Br)c1,-2.67,1,,0.0,unique_keep,175.0,2.5882000000000005,0.0,0,0,0,1,1,8,0.0
p-Chlorobromobenzene,Clc1ccc(Br)cc1,-3.63,1,,0.0,unique_keep,191.45499999999998,3.102500000000001,0.0,0,0,0,1,1,8,0.0
"2,3-Dimethylbutane",CC(C)C(C)C,-3.65,1,,0.0,unique_keep,86.178,2.2984,0.0,0,0,1,0,0,6,1.0
1-Butene,C=CCC,-1.94,1,,0.0,unique_keep,56.10799999999999,1.5824,0.0,0,0,1,0,0,4,0.5
"2,2',3,4,5,5'-PCB",Clc1ccc(Cl)c(-c2cc(Cl)c(Cl)c(Cl)c2Cl)c1,-7.68,1,,0.0,unique_keep,360.88200000000006,7.274000000000001,0.0,0,0,1,2,2,18,0.0
cytosine,Nc1cc[nH]c(=O)n1,-1.155,1,,0.0,unique_keep,111.104,-0.6479000000000001,71.77000000000001,2,3,0,1,1,8,0.0
"1,1,2-Trichlorotrifluoroethane",FC(F)(Cl)C(F)(Cl)Cl,-3.04,1,,0.0,unique_keep,187.37500000000003,2.9189,0.0,0,0,1,0,0,8,1.0
Propionitrile,CCC#N,0.28,1,,0.0,unique_keep,55.07999999999999,0.91998,23.79,0,1,0,0,0,4,0.6666666666666666
"O,P'-DDD",Clc1ccc(C(c2ccccc2Cl)C(Cl)Cl)cc1,-6.51,1,,0.0,unique_keep,320.04600000000005,5.929000000000002,0.0,0,0,3,2,2,18,0.14285714285714285
o-Nitroanisole,COc1ccccc1[N+](=O)[O-],-1.96,1,,0.0,unique_keep,153.13699999999997,1.6033999999999997,52.370000000000005,0,3,2,1,1,11,0.14285714285714285
Prasterone,CC12CCC3C(CC=C4CC(O)CCC43C)C1CCC2=O,-4.12,1,,0.0,unique_keep,288.43100000000004,3.8792000000000026,37.3,1,2,0,4,0,21,0.8421052631578947
Procymidone,CC12CC1(C)C(=O)N(c1cc(Cl)cc(Cl)c1)C2=O,-4.8,1,,0.0,unique_keep,284.14200000000005,3.2829000000000024,37.38,0,2,1,3,1,18,0.38461538461538464
Benzo[ghi]perylene,c1cc2ccc3ccc4ccc5cccc6c(c1)c2c3c4c56,-9.018,1,,0.0,unique_keep,276.338,6.3282000000000025,0.0,0,0,0,6,6,22,0.0
Dinoseb,CCC(C)c1cc([N+](=O)[O-])cc([N+](=O)[O-])c1O,-3.38,1,,0.0,unique_keep,240.21499999999997,2.7221000000000015,106.51,1,5,4,1,1,17,0.4
meconin,COC1=C(OC)C2C(=O)OCC2C=C1,-1.899,1,,0.0,unique_keep,196.20199999999997,0.8497999999999999,44.760000000000005,0,4,2,2,0,14,0.5
Glycerol,OCC(O)CO,1.12,1,,0.0,unique_keep,92.09400000000001,-1.6681000000000001,60.69,3,3,2,0,0,6,1.0
Guaiacol|o-Methoxyphenol,COc1ccccc1O,-1.96,2,0.0,0.0,duplicate_aggregated,124.13899999999997,1.4008,29.46,1,2,1,1,1,9,0.14285714285714285
chlorpyrifos,CCOP(=S)(OCC)Oc1nc(Cl)c(Cl)cc1Cl,-5.67,1,,0.0,unique_keep,350.591,4.718100000000002,40.58,0,5,6,1,1,18,0.4444444444444444
9-Methylanthracene,Cc1c2ccccc2cc2ccccc12,-5.89,1,,0.0,unique_keep,192.261,4.301420000000003,0.0,0,0,0,3,3,15,0.06666666666666667
Antipyrene,Cc1cc(=O)n(-c2ccccc2)n1C,0.715,1,,0.0,unique_keep,188.23000000000002,1.4844199999999999,26.93,0,1,1,2,2,14,0.18181818181818182
Methyl butyl ether ,CCCCOC,-0.99,1,,0.0,unique_keep,88.14999999999999,1.4329,9.23,0,1,3,0,0,6,1.0
7-methylpteridine,Cc1cnc2cncnc2n1,-0.8540000000000001,1,,0.0,unique_keep,146.153,0.7282199999999998,51.56,0,4,0,2,2,11,0.14285714285714285
simazine,CCNc1nc(Cl)nc(NCC)n1,-4.55,1,,0.0,unique_keep,201.661,1.3885999999999998,62.730000000000004,2,5,4,1,1,13,0.5714285714285714
"N,N-Dimethylacetamide",CC(=O)N(C)C,1.11,1,,0.0,unique_keep,87.122,0.09450000000000003,20.310000000000002,0,1,0,0,0,6,0.75
Simetryn,CSc1nc(N(C)C)nc(N(C)C)n1,-2.676,1,,0.0,unique_keep,213.31,0.7255,45.150000000000006,0,6,3,1,1,14,0.625
Ethylene,C=C,-0.4,1,,0.0,unique_keep,28.053999999999995,0.8022,0.0,0,0,0,0,0,2,0.0
"3,3-Dimethyl-1-butanol",CC(C)(C)CCO,-0.5,1,,0.0,unique_keep,102.17699999999999,1.4149,20.23,1,1,1,0,0,7,1.0
5-Allyl-5-ethylbarbital,C=CCC1(CC)C(=O)NC(=O)NC1=O,-1.614,1,,0.0,unique_keep,196.206,0.3249000000000001,75.27000000000001,2,3,3,1,0,14,0.4444444444444444
"2,3,4-Trichlorophenol",Oc1ccc(Cl)c(Cl)c1Cl,-2.67,1,,0.0,unique_keep,197.448,3.3524000000000003,20.23,1,1,0,1,1,10,0.0
Anisole,COc1ccccc1,-1.85,1,,0.0,unique_keep,108.13999999999997,1.6952,9.23,0,1,1,1,1,8,0.14285714285714285
chloropropylate,CC(C)OC(=O)C(O)(c1ccc(Cl)cc1)c1cccc(Cl)c1,-4.53,1,,0.0,unique_keep,339.2180000000001,4.180900000000003,46.53,1,3,4,2,2,22,0.23529411764705882
aldosterone,CC12CCC(=O)C=C1CCC1C2C(O)CC2(C=O)C(C(=O)CO)CCC12,-3.85,1,,0.0,unique_keep,360.45000000000016,1.8456999999999997,91.67,2,5,3,4,0,26,0.7619047619047619
Difenoxuron,COc1ccc(Oc2ccc(NC(=O)N(C)C)cc2)cc1,-4.16,1,,0.0,unique_keep,286.331,3.581000000000002,50.800000000000004,1,3,4,2,2,21,0.1875
4-Ethyltoluene,CCc1ccc(C)cc1,-3.11,1,,0.0,unique_keep,120.19499999999996,2.5574200000000005,0.0,0,0,1,1,1,9,0.3333333333333333
Diisopropylsulfide,CC(C)SC(C)C,-2.24,1,,0.0,unique_keep,118.24499999999999,2.5364000000000004,0.0,0,1,2,0,0,7,1.0
"1,3-Dinitrobenzene",O=[N+]([O-])c1cccc([N+](=O)[O-])c1,-2.29,1,,0.0,unique_keep,168.10799999999998,1.503,86.28,0,4,2,1,1,12,0.0
Ethion,CCOP(=S)(OCC)SCSP(=S)(OCC)OCC,-5.54,1,,0.0,unique_keep,384.4870000000002,5.005300000000004,36.92,0,8,12,0,0,19,1.0
probarbital|5-Ethyl-5-isopropylbarbituric acid,CCC1(C(C)C)C(=O)NC(=O)NC1=O,-2.1790000000000003,2,0.0438406204335658,0.0619999999999998,duplicate_aggregated,198.22199999999998,0.40479999999999994,75.27000000000001,2,3,2,1,0,14,0.6666666666666666
cortisone acetate,CC(=O)OCC(=O)C1(O)CCC2C3CCC4=CC(=O)CCC4(C)C3C(=O)CC21C,-4.21,1,,0.0,unique_keep,402.48700000000025,2.560600000000001,97.74000000000001,1,6,3,4,0,29,0.7391304347826086
Metronidazole|Metranidazole,Cc1ncc([N+](=O)[O-])n1CCO,-1.24,2,0.0282842712474619,0.04,duplicate_aggregated,171.15599999999998,0.09201999999999994,81.19,1,4,3,1,1,12,0.5
p-Chloroaniline,Nc1ccc(Cl)cc1,-1.66,1,,0.0,unique_keep,127.574,1.9222,26.02,1,1,0,1,1,8,0.0
"2,2-Dimethylpentanol",CCCC(C)(C)CO,-1.52,1,,0.0,unique_keep,116.20399999999998,1.8050000000000002,20.23,1,1,3,0,0,8,1.0
Furane,c1ccoc1,-0.82,1,,0.0,unique_keep,68.07499999999999,1.2795999999999998,13.14,0,1,0,1,1,5,0.0
Methoproptryne,COCCCNc1nc(NC(C)C)nc(SC)n1,-2.928,1,,0.0,unique_keep,271.39,1.8621999999999999,71.96000000000001,2,7,8,1,1,18,0.7272727272727273
Norea,CN(C)C(=O)NC1CC2CC1C1CCCC21,-3.1710000000000003,1,,0.0,unique_keep,222.33199999999994,2.0822999999999996,32.34,1,1,1,3,0,16,0.9230769230769231
t-Butylbenzene ,CC(C)(C)c1ccccc1,-3.66,1,,0.0,unique_keep,134.22199999999998,2.9841000000000015,0.0,0,0,0,1,1,10,0.4
kebuzone,CC(=O)CCC1C(=O)N(c2ccccc2)N(c2ccccc2)C1=O,-3.27,1,,0.0,unique_keep,322.3640000000001,2.966800000000001,57.690000000000005,0,3,5,3,2,24,0.21052631578947367
prednisolone acetate,CC(=O)OCC(=O)C1(O)CCC2C3CCC4=CC(=O)C=CC4(C)C3C(O)CC21C,-4.37,1,,0.0,unique_keep,402.48700000000014,2.1284,100.90000000000002,2,6,3,4,0,29,0.6956521739130435
Methyl propyl ether ,CCCOC,-0.39,1,,0.0,unique_keep,74.12299999999999,1.0428,9.23,0,1,2,0,0,5,1.0
Isopropyl acetate,CC(=O)OC(C)C,-0.55,1,,0.0,unique_keep,102.133,0.9579,26.3,0,2,1,0,0,7,0.8
Bromobenzene,Brc1ccccc1,-2.55,1,,0.0,unique_keep,157.01,2.4491000000000005,0.0,0,0,0,1,1,7,0.0
Ethyl-p-hydroxybenzoate ,CCOC(=O)c1ccc(O)cc1,-2.35,1,,0.0,unique_keep,166.176,1.5689,46.53,1,3,2,1,1,12,0.2222222222222222
3-Butanoyloxymethylphenytoin,CCCC(=O)OCN1C(=O)NC(c2ccccc2)(c2ccccc2)C1=O,-5.071000000000001,1,,0.0,unique_keep,352.3900000000001,2.782800000000001,75.71000000000001,1,4,6,3,2,26,0.25
testosterone propionate,CCC(=O)OC1CCC2C3CCC4=CC(=O)CCC4(C)C3CCC12C,-5.37,1,,0.0,unique_keep,344.4950000000001,4.840100000000005,43.370000000000005,0,3,2,4,0,25,0.8181818181818182
Coronene,c1cc2ccc3ccc4ccc5ccc6ccc1c1c2c3c4c5c61,-9.332,1,,0.0,unique_keep,300.36000000000007,6.919200000000002,0.0,0,0,0,7,7,24,0.0
allopurinol,O=c1[nH]cnc2[nH]ncc12,-2.266,1,,0.0,unique_keep,136.114,-0.35380000000000006,74.43,2,3,0,2,2,10,0.0
Chloroethylene,C=CCl,-1.75,1,,0.0,unique_keep,62.498999999999995,1.3687,0.0,0,0,0,0,0,3,0.0
diphenamid,CN(C)C(=O)C(c1ccccc1)c1ccccc1,-2.98,1,,0.0,unique_keep,239.318,2.9067000000000016,20.310000000000002,0,1,3,2,2,18,0.1875
Tetrabromomethane,BrC(Br)(Br)Br,-3.14,1,,0.0,unique_keep,331.62699999999995,3.1773000000000002,0.0,0,0,0,0,0,5,1.0
RTI 22,CCN1c2cc(N(C)C)cc(C)c2NC(=O)c2cccnc21,-4.871,1,,0.0,unique_keep,296.374,3.1797200000000014,48.47,1,4,2,3,2,22,0.29411764705882354
phthalimide,O=C1NC(=O)c2ccccc21,-2.61,1,,0.0,unique_keep,147.13299999999998,0.5702,46.17,1,2,0,2,1,11,0.0
Fenarimol,OC(c1ccc(Cl)cc1)(c1cncnc1)c1ccccc1Cl,-4.38,1,,0.0,unique_keep,331.202,4.0676000000000005,46.010000000000005,1,3,3,3,3,22,0.058823529411764705
Methyl benzoate ,COC(=O)c1ccccc1,-1.85,1,,0.0,unique_keep,136.14999999999998,1.4732,26.3,0,2,1,1,1,10,0.125
1-methyluracil,Cn1ccc(=O)[nH]c1=O,-0.807,1,,0.0,unique_keep,126.115,-0.9264000000000001,54.86,1,2,0,1,1,9,0.2
oxyphenbutazone,CCCCC1C(=O)N(c2ccccc2)N(c2ccc(O)cc2)C1=O,-3.73,1,,0.0,unique_keep,324.38000000000005,3.493400000000002,60.85,1,3,5,3,2,24,0.2631578947368421
"2,2',3,5'-PCB",Clc1ccc(Cl)c(-c2cccc(Cl)c2Cl)c1,-6.47,1,,0.0,unique_keep,291.992,5.967200000000002,0.0,0,0,1,2,2,16,0.0
Quinethazone,CCC1NC(=O)c2cc(S(N)(=O)=O)c(Cl)cc2N1,-3.29,1,,0.0,unique_keep,289.74399999999997,0.8788000000000005,101.28999999999999,3,4,2,2,1,18,0.3
Diuron,CN(C)C(=O)Nc1ccc(Cl)c(Cl)c1,-3.8,1,,0.0,unique_keep,233.09799999999998,3.0869000000000018,32.34,1,1,1,1,1,14,0.2222222222222222
Cyclopentene ,C1=CCCC1,-2.1,1,,0.0,unique_keep,68.119,1.7265,0.0,0,0,0,1,0,5,0.6
alloxantin,O=C1NC(=O)C(O)(C2(O)C(=O)NC(=O)NC2=O)C(=O)N1,-1.99,1,,0.0,unique_keep,286.156,-4.819399999999999,191.0,6,8,1,2,0,20,0.25
Nonane,CCCCCCCCC,-5.88,1,,0.0,unique_keep,128.259,3.7569000000000026,0.0,0,0,6,0,0,9,1.0
2-Chlorophenol,Oc1ccccc1Cl,-1.06,1,,0.0,unique_keep,128.558,2.0456000000000003,20.23,1,1,0,1,1,8,0.0
5-Methylchrysene,Cc1cc2ccccc2c2ccc3ccccc3c12,-6.59,1,,0.0,unique_keep,242.321,5.454620000000004,0.0,0,0,0,4,4,19,0.05263157894736842
Phenetole,CCOc1ccccc1,-2.33,1,,0.0,unique_keep,122.16699999999996,2.0853,9.23,0,1,2,1,1,9,0.25
ethyl cinnamate,CCOC(=O)C=Cc1ccccc1,-3.0,1,,0.0,unique_keep,176.215,2.2629,26.3,0,2,3,1,1,13,0.18181818181818182
Terbacil,Cc1[nH]c(=O)n(C(C)(C)C)c(=O)c1Cl,-2.484,1,,0.0,unique_keep,216.66799999999998,1.25342,54.86,1,2,0,1,1,14,0.5555555555555556
Clonazepam,O=C1CN=C(c2ccccc2Cl)c2cc([N+](=O)[O-])ccc2N1,-3.499,1,,0.0,unique_keep,315.716,3.037700000000001,84.6,1,4,2,3,2,22,0.06666666666666667
p-Toluenesulfonamide ,Cc1ccc(S(N)(=O)=O)cc1,-1.74,1,,0.0,unique_keep,171.22100000000003,0.6424200000000002,60.160000000000004,1,2,1,1,1,11,0.14285714285714285
Chlorbufam,C#CC(C)OC(=O)Nc1cccc(Cl)c1,-2.617,1,,0.0,unique_keep,223.65900000000002,2.9102000000000006,38.33,1,2,2,1,1,15,0.18181818181818182
2-Methylheptane,CCCCCC(C)C,-5.08,1,,0.0,unique_keep,114.23199999999999,3.2227000000000023,0.0,0,0,4,0,0,8,1.0
Cyhalothrin,CC1(C)C(C=C(Cl)C(F)(F)F)C1C(=O)OC(C#N)c1cccc(Oc2ccccc2)c1,-8.176,1,,0.0,unique_keep,449.8560000000001,6.543980000000005,59.32000000000001,0,4,6,3,2,31,0.30434782608695654
Apazone,CCCC1C(=O)N2C(N(C)C)=Nc3ccc(C)cc3N2C1=O,-3.5380000000000003,1,,0.0,unique_keep,300.3620000000001,2.0642199999999997,56.220000000000006,0,4,2,3,1,22,0.4375
Diazepam,CN1C(=O)CN=C(c2ccccc2)c2cc(Cl)ccc21,-3.754,1,,0.0,unique_keep,284.74600000000004,3.153800000000002,32.67,0,2,1,3,2,20,0.125
2-Methyl-3-pentanol,CCC(O)C(C)C,-0.7,1,,0.0,unique_keep,102.17699999999999,1.4133,20.23,1,1,2,0,0,7,1.0
fensulfothion,CCOP(=S)(OCC)Oc1ccc(S(C)=O)cc1,-2.3,1,,0.0,unique_keep,308.36100000000005,3.1003000000000016,44.760000000000005,0,5,7,1,1,18,0.45454545454545453
borneol,CC1(C)C2CCC1(C)C(O)C2,-2.32,1,,0.0,unique_keep,154.253,2.1935000000000002,20.23,1,1,0,2,0,11,1.0
Testosterone,CC12CCC(=O)C=C1CCC1C2CCC2(C)C(O)CCC12,-4.02,1,,0.0,unique_keep,288.43100000000004,3.8792000000000026,37.3,1,2,0,4,0,21,0.8421052631578947
Heptane,CCCCCCC,-4.53,1,,0.0,unique_keep,100.205,2.976700000000002,0.0,0,0,4,0,0,7,1.0
1-Napthol,Oc1cccc2ccccc12,-2.22,1,,0.0,unique_keep,144.17299999999997,2.5454000000000008,20.23,1,1,0,2,2,11,0.0
"cis-1,2-Dimethylcyclohexane",CC1CCCCC1C,-4.3,1,,0.0,unique_keep,112.216,2.832600000000001,0.0,0,0,0,1,0,8,1.0
Trimazosin,COc1cc2c(N)nc(N3CCN(C(=O)OCC(C)(C)O)CC3)nc2c(OC)c1OC,-3.638,1,,0.0,unique_keep,435.4810000000003,1.2673,132.5,2,10,6,3,2,31,0.55
Cholanthrene,c1cc2c3c(c4ccc5ccccc5c4cc3c1)CC2,-7.85,1,,0.0,unique_keep,254.33199999999994,5.244800000000003,0.0,0,0,0,5,4,20,0.1
Medrogestone,CC(=O)C1(C)CCC2C3C=C(C)C4=CC(=O)CCC4(C)C3CCC21C,-5.27,1,,0.0,unique_keep,340.5070000000001,5.279700000000005,34.14,0,2,1,4,0,25,0.7391304347826086
2-Heptanone,CCCCCC(C)=O,-1.45,1,,0.0,unique_keep,114.18799999999999,2.1557000000000004,17.07,0,1,4,0,0,8,0.8571428571428571
Acephate,COP(=O)(NC(C)=O)SC,0.54,1,,0.0,unique_keep,183.16899999999998,1.24,55.4,1,4,3,0,0,10,0.75
DEF,CCCCSP(=O)(SCCCC)SCCCC,-5.14,1,,0.0,unique_keep,314.5220000000001,6.694400000000005,17.07,0,4,12,0,0,17,1.0
phthalamide,O=C1NC(=O)C2C=CC=CC12,-2.932,1,,0.0,unique_keep,149.14899999999997,0.0011999999999998678,46.17,1,2,0,2,0,11,0.25
Trichlomethiazide,NS(=O)(=O)c1cc2c(cc1Cl)NC(C(Cl)Cl)NS2(=O)=O,-2.68,1,,0.0,unique_keep,380.66200000000003,0.8210000000000004,118.35999999999999,3,5,2,2,1,20,0.25
2-Methy-2-Butene,CC=C(C)C,-2.56,1,,0.0,unique_keep,70.13499999999999,1.9725,0.0,0,0,0,0,0,5,0.6
"1,2,4-Trimethylbenzene",Cc1ccc(C)c(C)c1,-3.31,1,,0.0,unique_keep,120.195,2.611860000000001,0.0,0,0,0,1,1,9,0.3333333333333333
"2,4,5-Trichlorophenol ",Oc1cc(Cl)c(Cl)cc1Cl,-2.21,1,,0.0,unique_keep,197.448,3.3524000000000003,20.23,1,1,0,1,1,10,0.0
phenanthridine,c1ccc2c(c1)cnc1ccccc12,-2.78,1,,0.0,unique_keep,179.22199999999998,3.388000000000001,12.89,0,1,0,3,3,14,0.0
3-Methyl-3-hexanol,CCCC(C)(O)CC,-0.98,1,,0.0,unique_keep,116.20399999999998,1.9475,20.23,1,1,3,0,0,8,1.0
Octane,CCCCCCCC,-5.24,1,,0.0,unique_keep,114.232,3.3668000000000022,0.0,0,0,5,0,0,8,1.0
Anthracene,c1ccc2cc3ccccc3cc2c1,-6.35,1,,0.0,unique_keep,178.23399999999995,3.993000000000002,0.0,0,0,0,3,3,14,0.0
Phenylhydrazine,NNc1ccccc1,0.07,1,,0.0,unique_keep,108.14399999999998,0.9722000000000002,38.05,2,2,1,1,1,8,0.0
Propionaldehyde,CCC=O,0.58,1,,0.0,unique_keep,58.08,0.5952999999999999,17.07,0,1,1,0,0,4,0.6666666666666666
Cyclooctane,C1CCCCCCC1,-4.15,1,,0.0,unique_keep,112.21600000000001,3.120800000000002,0.0,0,0,0,1,0,8,1.0
"5,5-Diallylbarbital",C=CCC1(CC=C)C(=O)NC(=O)NC1=O,-2.077,1,,0.0,unique_keep,208.21699999999998,0.491,75.27000000000001,2,3,4,1,0,15,0.3
Trichloromethane,ClC(Cl)Cl,-1.17,1,,0.0,unique_keep,119.37800000000001,1.9864,0.0,0,0,0,0,0,4,1.0
thiouracil,O=c1ccnc(S)[nH]1,-2.273,1,,0.0,unique_keep,128.156,0.05860000000000004,45.75,2,3,0,1,1,8,0.0
Pencycuron,O=C(Nc1ccccc1)N(Cc1ccc(Cl)cc1)C1CCCC1,-5.915,1,,0.0,unique_keep,328.84300000000013,5.3167000000000035,32.34,1,1,4,3,2,23,0.3157894736842105
1-Methylcyclohexene ,CC1=CCCCC1,-3.27,1,,0.0,unique_keep,96.17300000000002,2.5067000000000004,0.0,0,0,0,1,0,7,0.7142857142857143
2-Ethylhexanal,CCCCC(C=O)CC,-2.13,1,,0.0,unique_keep,128.21499999999997,2.401700000000001,17.07,0,1,5,0,0,9,0.875
Khellin,COc1c2occc2c(OC)c2c(=O)cc(C)oc12,-3.0210000000000004,1,,0.0,unique_keep,260.24499999999995,2.8648200000000017,61.81,0,5,2,3,3,19,0.21428571428571427
Benzo(j)fluoranthene,c1ccc2c3c(ccc2c1)-c1cccc2cccc-3c12,-8.0,1,,0.0,unique_keep,252.31599999999997,5.640400000000003,0.0,0,0,0,5,4,20,0.0
2-Ethylbutanal,CCC(C=O)CC,-1.52,1,,0.0,unique_keep,100.161,1.6215,17.07,0,1,3,0,0,7,0.8333333333333334
Dipropyl ether,CCCOCCC,-1.62,1,,0.0,unique_keep,102.17699999999999,1.823,9.23,0,1,4,0,0,7,1.0
1-Tetradecanol,CCCCCCCCCCCCCCO,-5.84,1,,0.0,unique_keep,214.39299999999994,4.679800000000005,20.23,1,1,12,0,0,15,1.0
"2,3,6-Trichlorophenol",Oc1c(Cl)ccc(Cl)c1Cl,-2.64,1,,0.0,unique_keep,197.44799999999998,3.3523999999999994,20.23,1,1,0,1,1,10,0.0
Urea,NC(N)=O,0.96,1,,0.0,unique_keep,60.056,-0.9762000000000002,69.11,2,1,0,0,0,4,0.0
1-Pentyne,C#CCCC,-1.64,1,,0.0,unique_keep,68.119,1.4197,0.0,0,0,1,0,0,5,0.6
"1,3-Dibromobenzene",Brc1cccc(Br)c1,-3.54,1,,0.0,unique_keep,235.90599999999998,3.2116000000000007,0.0,0,0,0,1,1,8,0.0
1-Octadecanol,CCCCCCCCCCCCCCCCCCO,-8.4,1,,0.0,unique_keep,270.50099999999986,6.240200000000008,20.23,1,1,16,0,0,19,1.0
Acetanilide,CC(=O)Nc1ccccc1,-1.33,1,,0.0,unique_keep,135.16599999999997,1.6449999999999998,29.1,1,1,1,1,1,10,0.125
hematein,O=C1C=C2CC3(O)COc4c(ccc(O)c4O)C3=C2C=C1O,-2.7,1,,0.0,unique_keep,300.266,1.3295999999999997,107.22000000000001,4,6,0,4,1,22,0.1875
Isonazid,NNC(=O)c1ccncc1,0.009,1,,0.0,unique_keep,137.142,-0.3149000000000006,68.00999999999999,2,3,1,1,1,10,0.0
hydroxychlordene,OC1C=CC2C1C1(Cl)C(Cl)=C(Cl)C2(Cl)C1(Cl)Cl,-5.46,1,,0.0,unique_keep,354.875,3.995,20.23,1,1,0,3,0,17,0.6
Isopentyl formate,CC(C)CCOC=O,-1.52,1,,0.0,unique_keep,116.15999999999998,1.2055,26.3,0,2,4,0,0,8,0.8333333333333334
Acetophenone,CC(=O)c1ccccc1,-1.28,1,,0.0,unique_keep,120.15099999999995,1.8892,17.07,0,1,1,1,1,9,0.125
biquinoline,c1ccc2nc(-c3ccc4ccccc4n3)ccc2c1,-5.4,1,,0.0,unique_keep,256.308,4.450000000000003,25.78,0,2,1,4,4,20,0.0
Triethyl phosphate,CCOP(=O)(OCC)OCC,0.43,1,,0.0,unique_keep,182.15599999999998,2.2039999999999997,44.760000000000005,0,4,6,0,0,11,1.0
D-fenchone,CC12CCC(C1)C(C)(C)C2=O,-1.85,1,,0.0,unique_keep,152.237,2.401700000000001,17.07,0,1,0,2,0,11,0.9
7-methoxypteridine,COc1cnc2cncnc2n1,-0.91,1,,0.0,unique_keep,162.152,0.42839999999999984,60.790000000000006,0,5,1,2,2,12,0.14285714285714285
Chlordene,ClC1=C(Cl)C2(Cl)C3CC=CC3C1(Cl)C2(Cl)Cl,-5.64,1,,0.0,unique_keep,338.876,5.024200000000001,0.0,0,0,0,3,0,16,0.6
2-Nitropropane,CC(C)[N+](=O)[O-],-0.62,1,,0.0,unique_keep,89.094,0.6715,43.14,0,2,1,0,0,6,1.0
Carbazole,c1ccc2c(c1)[nH]c1ccccc12,-5.27,1,,0.0,unique_keep,167.21099999999998,3.3211000000000013,15.79,1,0,0,3,3,13,0.0
Erythritol,OCC(O)C(O)CO,0.7,1,,0.0,unique_keep,122.11999999999999,-2.3071999999999995,80.92,4,4,3,0,0,8,1.0
Risocaine,CCCOC(=O)c1ccc(N)cc1,-2.452,1,,0.0,unique_keep,179.21899999999997,1.8356,52.32,1,3,3,1,1,13,0.3
Azodrin,CNC(=O)C=C(C)OP(=O)(OC)OC,0.6509999999999999,1,,0.0,unique_keep,223.16499999999996,1.0536999999999999,73.86,1,5,5,0,0,14,0.5714285714285714
Succinimide,O=C1CCC(=O)N1,0.3,1,,0.0,unique_keep,99.089,-0.577,46.17,1,2,0,1,0,7,0.5
"2,3-Dimethylpentane",CCC(C)C(C)C,-4.28,1,,0.0,unique_keep,100.20499999999998,2.6885000000000012,0.0,0,0,2,0,0,7,1.0
bupirimate,CCCCc1c(C)nc(NCC)nc1OS(=O)(=O)N(C)C,-4.16,1,,0.0,unique_keep,316.4270000000001,1.74462,84.42,1,6,8,1,1,21,0.6923076923076923
RTI 16,CCN1c2ncccc2C(=S)N(C)c2cccnc21,-4.634,1,,0.0,unique_keep,270.361,2.759900000000001,32.260000000000005,0,4,1,3,2,19,0.21428571428571427
RTI 9,CCN1C(=O)c2ccccc2Oc2ccccc21,-3.68,1,,0.0,unique_keep,239.27399999999997,3.4590000000000023,29.540000000000003,0,2,1,3,2,18,0.13333333333333333
Tetrahydropyran ,C1CCOCC1,-0.03,1,,0.0,unique_keep,86.134,1.1869,9.23,0,1,0,1,0,6,1.0
1-Heptyne,C#CCCCCC,-3.01,1,,0.0,unique_keep,96.173,2.1999000000000004,0.0,0,0,3,0,0,7,0.7142857142857143
osthole,COc1ccc2ccc(=O)oc2c1CC=C(C)C,-4.314,1,,0.0,unique_keep,244.28999999999994,3.3103000000000016,39.44,0,3,3,2,2,18,0.26666666666666666
3-Methylcholanthrene,Cc1ccc2c(ccc3c4c5c(cccc5cc32)CC4)c1,-7.92,1,,0.0,unique_keep,268.359,5.553220000000004,0.0,0,0,0,5,4,21,0.14285714285714285
Ethyl benzoate ,CCOC(=O)c1ccccc1,-2.32,1,,0.0,unique_keep,150.177,1.8633,26.3,0,2,2,1,1,11,0.2222222222222222
1-Chloro-2-methylpropane,CC(C)CCl,-2.0,1,,0.0,unique_keep,92.56899999999999,1.8812,0.0,0,0,1,0,0,5,1.0
Ethinyl estradiol,C#CC1(O)CCC2C3CCc4cc(O)ccc4C3CCC21C,-4.3,1,,0.0,unique_keep,296.4100000000001,3.6126000000000023,40.46,2,2,0,4,1,22,0.6
methyl laurate,CCCCCCCCCCCC(=O)OC,-4.69,1,,0.0,unique_keep,214.34899999999996,4.080300000000003,26.3,0,2,10,0,0,15,0.9230769230769231
Di-n-propylsulfide,CCCSCCC,-2.58,1,,0.0,unique_keep,118.24499999999999,2.539600000000001,0.0,0,1,4,0,0,7,1.0
Napthacene,c1ccc2cc3cc4ccccc4cc3cc2c1,-8.6,1,,0.0,unique_keep,228.29399999999998,5.146200000000003,0.0,0,0,0,4,4,18,0.0
1-Bromopentane,CCCCCBr,-3.08,1,,0.0,unique_keep,151.047,2.5715000000000012,0.0,0,0,3,0,0,6,1.0
trans-2-Heptene ,C/C=C/CCCC,-3.82,1,,0.0,unique_keep,98.18900000000001,2.752700000000001,0.0,0,0,3,0,0,7,0.7142857142857143
Pentylcyclopentane,CCCCCC1CCCC1,-6.08,1,,0.0,unique_keep,140.26999999999998,3.7569000000000026,0.0,0,0,4,1,0,10,1.0
"2,2',3,5,5',6-PCB",Clc1ccc(Cl)c(-c2c(Cl)c(Cl)cc(Cl)c2Cl)c1,-7.42,1,,0.0,unique_keep,360.88200000000006,7.274000000000001,0.0,0,0,1,2,2,18,0.0
"1,1,1-Trichloroethane",CC(Cl)(Cl)Cl,-2.0,1,,0.0,unique_keep,133.405,2.376500000000001,0.0,0,0,0,0,0,5,1.0
Monolinuron,CON(C)C(=O)Nc1ccc(Cl)cc1,-2.57,1,,0.0,unique_keep,214.652,2.365100000000001,41.57,1,2,2,1,1,14,0.2222222222222222
Cyclohexyl-5-spirobarbituric acid,O=C1NC(=O)C2(CCCCC2)C(=O)N1,-3.06,1,,0.0,unique_keep,196.206,0.3029,75.27,2,3,0,2,0,14,0.6666666666666666
dimetan,CN(C)C(=O)OC1=CC(=O)CC(C)(C)C1,-0.85,1,,0.0,unique_keep,211.26099999999994,1.9576,46.61,0,3,1,1,0,15,0.6363636363636364
4-Bromotoluene,Cc1ccc(Br)cc1,-3.19,1,,0.0,unique_keep,171.03700000000003,2.7575200000000013,0.0,0,0,0,1,1,8,0.14285714285714285
Diethyl ether ,CCOCC,-0.09,1,,0.0,unique_keep,74.123,1.0428000000000002,9.23,0,1,2,0,0,5,1.0
Rovral,CC(C)NC(=O)N1CC(=O)N(c2cc(Cl)cc(Cl)c2)C1=O,-4.376,1,,0.0,unique_keep,330.17100000000005,2.880000000000001,69.72,1,3,2,2,1,21,0.3076923076923077
Benfluralin,CCCCN(CC)c1c([N+](=O)[O-])cc(C(F)(F)F)cc1[N+](=O)[O-],-5.53,1,,0.0,unique_keep,335.28200000000004,4.148200000000004,89.52,0,5,7,1,1,23,0.5384615384615384
"2,4,6-Trimethylphenol",Cc1cc(C)c(O)c(C)c1,-2.05,1,,0.0,unique_keep,136.194,2.3174600000000005,20.23,1,1,0,1,1,10,0.3333333333333333
Benzene ,c1ccccc1,-1.64,1,,0.0,unique_keep,78.11399999999999,1.6866,0.0,0,0,0,1,1,6,0.0
p-Chloroiodobenzene,Clc1ccc(I)cc1,-4.03,1,,0.0,unique_keep,238.45499999999998,2.944600000000001,0.0,0,0,0,1,1,8,0.0
Metoxuron,COc1ccc(NC(=O)N(C)C)cc1Cl,-2.564,1,,0.0,unique_keep,228.67899999999997,2.4421,41.57,1,2,2,1,1,15,0.3
propachlor,CC(C)N(C(=O)CCl)c1ccccc1,-2.48,1,,0.0,unique_keep,211.69200000000004,2.666800000000001,20.310000000000002,0,1,3,1,1,14,0.36363636363636365
Styrene,C=Cc1ccccc1,-2.82,1,,0.0,unique_keep,104.15199999999997,2.3296,0.0,0,0,1,1,1,8,0.0
Dimethoxymethane,COCOC,0.48,1,,0.0,unique_keep,76.095,0.23670000000000002,18.46,0,2,2,0,0,5,1.0
o-Xylene ,Cc1ccccc1C,-2.8,1,,0.0,unique_keep,106.16799999999999,2.30344,0.0,0,0,0,1,1,8,0.25
Butan-2-ol,CCC(C)O,0.47,1,,0.0,unique_keep,74.12299999999999,0.7771999999999999,20.23,1,1,1,0,0,5,1.0
"1,4-Benzenediol",Oc1ccc(O)cc1,-0.17,1,,0.0,unique_keep,110.11199999999998,1.0977999999999999,40.46,2,2,0,1,1,8,0.0
estriol,CC12CCC3c4ccc(O)cc4CCC3C1CC(O)C2O,-4.955,1,,0.0,unique_keep,288.38699999999994,2.5800000000000005,60.69,3,3,0,4,1,21,0.6666666666666666
Benzo(b)fluorene,c1ccc2c(c1)Cc1cc3ccccc3cc1-2,-8.04,1,,0.0,unique_keep,216.283,4.411000000000002,0.0,0,0,0,4,3,17,0.058823529411764705
hydantoin,O=C1CNC(=O)N1,-0.4,1,,0.0,unique_keep,100.077,-1.1742,58.2,2,2,0,1,0,7,0.3333333333333333
4-hexylresorcinol,CCCCCCc1ccc(O)cc1O,-2.59,1,,0.0,unique_keep,194.274,3.2206000000000023,40.46,2,2,5,1,1,14,0.5
allicin,C=CCSS(=O)CC=C,-0.83,1,,0.0,unique_keep,162.27899999999997,1.7553,17.07,0,2,5,0,0,9,0.3333333333333333
Coumaphos,CCOP(=S)(OCC)Oc1ccc2oc(=O)c(Cl)c(C)c2c1,-5.382000000000001,1,,0.0,unique_keep,362.77100000000013,4.4311200000000035,57.9,0,6,6,2,2,22,0.35714285714285715
"5,6-Dimethylchrysene",Cc1c(C)c2c3ccccc3ccc2c2ccccc12,-7.01,1,,0.0,unique_keep,256.348,5.763040000000004,0.0,0,0,0,4,4,20,0.1
Betamethasone-17-valerate,CCCCC(=O)OC1(C(=O)CO)C(C)CC2C3CCC4=CC(=O)C=CC4(C)C3(F)C(O)CC21C,-4.71,1,,0.0,unique_keep,476.58500000000026,3.6368000000000027,100.90000000000002,2,6,6,4,0,34,0.7407407407407407
uric acid,O=c1[nH]c(=O)c2[nH]c(=O)[nH]c2[nH]1,-3.93,1,,0.0,unique_keep,168.112,-1.7672000000000003,114.36999999999998,4,3,0,2,2,12,0.0
"2,3,4,6-Tetrachlorophenol",Oc1c(Cl)cc(Cl)c(Cl)c1Cl,-3.1,1,,0.0,unique_keep,231.89299999999997,4.005799999999999,20.23,1,1,0,1,1,11,0.0
"1,3-Dichlorobenzene",Clc1cccc(Cl)c1,-3.04,1,,0.0,unique_keep,147.004,2.993400000000001,0.0,0,0,0,1,1,8,0.0
DDT,Clc1ccc(C(c2ccc(Cl)cc2)C(Cl)(Cl)Cl)cc1,-7.15,1,,0.0,unique_keep,354.491,6.495500000000002,0.0,0,0,2,2,2,19,0.14285714285714285
Isobutyl formate,CC(C)COC=O,-1.01,1,,0.0,unique_keep,102.13299999999998,0.8154,26.3,0,2,3,0,0,7,0.8
thioanisole,CSc1ccccc1,-2.39,1,,0.0,unique_keep,124.20799999999996,2.4085,0.0,0,1,1,1,1,8,0.14285714285714285
RTI 13,CCN1c2ncccc2C(=O)Nc2c(C(F)(F)F)cc(C)nc21,-4.207,1,,0.0,unique_keep,322.29,3.5275200000000018,58.120000000000005,1,4,1,3,2,23,0.26666666666666666
Hexane ,CCCCCC,-3.84,1,,0.0,unique_keep,86.178,2.5866000000000007,0.0,0,0,3,0,0,6,1.0
methyl nicotinate,COC(=O)c1cccnc1,-0.46,1,,0.0,unique_keep,137.138,0.8681999999999999,39.19,0,3,1,1,1,10,0.14285714285714285
Bendroflumethiazide,NS(=O)(=O)c1cc2c(cc1C(F)(F)F)NC(Cc1ccccc1)NS2(=O)=O,-3.59,1,,0.0,unique_keep,421.4220000000001,1.6254000000000004,118.35999999999999,3,5,3,3,2,27,0.2
"2,3,3',4,4',5-PCB",Clc1ccc(-c2cc(Cl)c(Cl)c(Cl)c2Cl)cc1Cl,-7.82,1,,0.0,unique_keep,360.88200000000006,7.274,0.0,0,0,1,2,2,18,0.0
Vinclozolin,C=CC1(C)OC(=O)N(c2cc(Cl)cc(Cl)c2)C1=O,-4.925,1,,0.0,unique_keep,286.11400000000003,3.4213000000000013,46.61,0,3,2,2,1,18,0.16666666666666666
Cyanazine,CCNc1nc(Cl)nc(NC(C)(C)C#N)n1,-3.15,1,,0.0,unique_keep,240.698,1.6708799999999997,86.52,2,6,4,1,1,16,0.5555555555555556
Triphenylene,c1ccc2c(c1)c1ccccc1c1ccccc21,-6.726,1,,0.0,unique_keep,228.29399999999998,5.146200000000003,0.0,0,0,0,4,4,18,0.0
Dienestrol,CC=C(C(=CC)c1ccc(O)cc1)c1ccc(O)cc1,-4.95,1,,0.0,unique_keep,266.34,4.604600000000004,40.46,2,2,3,2,2,20,0.1111111111111111
Di(2-ethylhexyl)-phthalate,CCCCC(CC)COC(=O)c1ccccc1C(=O)OCC(CC)CCCC,-6.96,1,,0.0,unique_keep,390.5640000000003,6.433000000000007,52.60000000000001,0,4,14,1,1,28,0.6666666666666666
2-Ethyl pyridine,CCc1ccccn1,0.51,1,,0.0,unique_keep,107.15599999999998,1.644,12.89,0,1,1,1,1,8,0.2857142857142857
Naled,COP(=O)(OC)OC(Br)C(Cl)(Cl)Br,-2.28,1,,0.0,unique_keep,380.784,3.651200000000001,44.760000000000005,0,4,5,0,0,13,1.0
Biphenyl,c1ccc(-c2ccccc2)cc1,-4.345,1,,0.0,unique_keep,154.21199999999996,3.353600000000001,0.0,0,0,1,2,2,12,0.0
"2,2',4,4',6,6'-PCB",Clc1cc(Cl)c(-c2c(Cl)cc(Cl)cc2Cl)c(Cl)c1,-8.71,1,,0.0,unique_keep,360.88200000000006,7.274000000000001,0.0,0,0,1,2,2,18,0.0
Altretamine,CN(C)c1nc(N(C)C)nc(N(C)C)n1,-3.364,1,,0.0,unique_keep,210.285,0.0696000000000001,48.39000000000001,0,6,3,1,1,15,0.6666666666666666
"2,4-Dimethyl-2-pentanol ",CC(C)CC(C)(C)O,-0.92,1,,0.0,unique_keep,116.20399999999998,1.8034,20.23,1,1,2,0,0,8,1.0
Cycloheptyl-5-spirobarbituric acid,O=C1NC(=O)C2(CCCCCC2)C(=O)N1,-3.168,1,,0.0,unique_keep,210.23299999999998,0.6929999999999998,75.27,2,3,0,2,0,15,0.7
Fructose,OCC1OC(O)(CO)C(O)C1O,0.64,1,,0.0,unique_keep,180.156,-3.2197999999999998,110.38000000000001,5,6,2,1,0,12,1.0
"3,5-Dimethylphenol",Cc1cc(C)cc(O)c1,-1.4,1,,0.0,unique_keep,122.16699999999997,2.0090399999999997,20.23,1,1,0,1,1,9,0.25
Barban,O=C(Nc1cccc(Cl)c1)OCC#CCCl,-4.37,1,,0.0,unique_keep,258.1039999999999,3.130700000000002,38.33,1,2,2,1,1,16,0.18181818181818182
p-Chloroacetanilide,CC(=O)Nc1ccc(Cl)cc1,-2.843,1,,0.0,unique_keep,169.611,2.2984,29.1,1,1,1,1,1,11,0.125
"2,2',3,4,5,5',6-PCB",Clc1ccc(Cl)c(-c2c(Cl)c(Cl)c(Cl)c(Cl)c2Cl)c1,-8.94,1,,0.0,unique_keep,395.3270000000001,7.9274000000000004,0.0,0,0,1,2,2,19,0.0
"2,2-Dimethylbutane",CCC(C)(C)C,-3.55,1,,0.0,unique_keep,86.17799999999998,2.442500000000001,0.0,0,0,0,0,0,6,1.0
N-Methylaniline ,CNc1ccccc1,-1.28,1,,0.0,unique_keep,107.15599999999998,1.7283,12.03,1,1,1,1,1,8,0.14285714285714285
"1,4-Pentadiene ",C=CCC=C,-2.09,1,,0.0,unique_keep,68.119,1.7485,0.0,0,0,2,0,0,5,0.2
Hydrocortisone 21-acetate,CC(=O)OCC(=O)C1(O)CCC2C3CCC4=CC(=O)CCC4(C)C3C(O)CC21C,-4.88,1,,0.0,unique_keep,404.5030000000002,2.3524000000000003,100.90000000000002,2,6,3,4,0,29,0.782608695652174
DNOC,Cc1cc([N+](=O)[O-])cc([N+](=O)[O-])c1O,-1.456,1,,0.0,unique_keep,198.134,1.5170199999999998,106.51,1,5,2,1,1,14,0.14285714285714285
Lorazepam,O=C1Nc2ccc(Cl)cc2C(c2ccccc2Cl)=NC1O,-3.604,1,,0.0,unique_keep,321.163,3.1013000000000015,61.69,2,3,1,3,2,21,0.06666666666666667
3-Chlorophenol,Oc1cccc(Cl)c1,-0.7,1,,0.0,unique_keep,128.558,2.0456,20.23,1,1,0,1,1,8,0.0
m-Chlorobromobenzene,Clc1cccc(Br)c1,-3.21,1,,0.0,unique_keep,191.45499999999998,3.102500000000001,0.0,0,0,0,1,1,8,0.0
chlorothiazide,NS(=O)(=O)c1cc2c(cc1Cl)N=CNS2(=O)=O,-3.05,1,,0.0,unique_keep,295.72900000000004,-0.0608999999999999,118.69,2,5,1,2,1,17,0.0
5-Methyl-5-ethylbarbituric acid,CCC1(C)C(=O)NC(=O)NC1=O,-1.228,1,,0.0,unique_keep,170.16799999999998,-0.23129999999999995,75.27000000000001,2,3,1,1,0,12,0.5714285714285714
2-Phenoxyethanol,OCCOc1ccccc1,-0.7,1,,0.0,unique_keep,138.16599999999997,1.0576999999999999,29.46,1,2,3,1,1,10,0.25
Diphenylmethane,c1ccc(Cc2ccccc2)cc1,-4.08,1,,0.0,unique_keep,168.239,3.277400000000002,0.0,0,0,2,2,2,13,0.07692307692307693
3-Octanol,CCCCCC(O)CC,-1.98,1,,0.0,unique_keep,130.23099999999997,2.3376,20.23,1,1,5,0,0,9,1.0
Flumetralin,CCN(Cc1c(F)cccc1Cl)c1c([N+](=O)[O-])cc(C(F)(F)F)cc1[N+](=O)[O-],-6.78,1,,0.0,unique_keep,421.7340000000001,5.340800000000003,89.52,0,5,6,2,2,28,0.25
Propazine,CC(C)Nc1nc(Cl)nc(NC(C)C)n1,-4.43,1,,0.0,unique_keep,229.71500000000003,2.1655999999999995,62.730000000000004,2,5,4,1,1,15,0.6666666666666666
2-Methylpentanol,CCCC(C)CO,-1.11,1,,0.0,unique_keep,102.17699999999999,1.4149,20.23,1,1,3,0,0,7,1.0
2-Methyl-2-hexanol,CCCCC(C)(C)O,-1.08,1,,0.0,unique_keep,116.20399999999998,1.9475000000000002,20.23,1,1,3,0,0,8,1.0
Ethylbenzene,CCc1ccccc1,-2.77,1,,0.0,unique_keep,106.16799999999996,2.2490000000000006,0.0,0,0,1,1,1,8,0.25
5-(3-Methyl-2-butenyl)-5-ethylbarbital,CCC1(CC=C(C)C)C(=O)NC(=O)NC1=O,-2.253,1,,0.0,unique_keep,224.26,1.1050999999999997,75.27000000000001,2,3,3,1,0,16,0.5454545454545454
Heptachlor,ClC1=C(Cl)C2(Cl)C3C(Cl)C=CC3C1(Cl)C2(Cl)Cl,-6.317,1,,0.0,unique_keep,373.321,5.241500000000001,0.0,0,0,0,3,0,17,0.6
butallylonal,C=C(Br)CC1(C(C)CC)C(=O)NC(=O)NC1=O,-2.647,1,,0.0,unique_keep,303.156,1.6835999999999995,75.27000000000001,2,3,4,1,0,17,0.5454545454545454
Fenpropathrin,CC1(C)C(C(=O)OC(C#N)c2cccc(Oc3ccccc3)c2)C1(C)C,-6.025,1,,0.0,unique_keep,349.43000000000006,5.268980000000004,59.32000000000001,0,4,5,3,2,26,0.36363636363636365
Methoprene,COC(C)(C)CCCC(C)CC=CC(C)=CC(=O)OC(C)C,-5.19,1,,0.0,unique_keep,310.47800000000007,5.062000000000006,35.53,0,3,10,0,0,22,0.7368421052631579
Ethyl propionate,CCOC(=O)CC,-0.66,1,,0.0,unique_keep,102.133,0.9595,26.3,0,2,2,0,0,7,0.8
Prometryn,CSc1nc(NC(C)C)nc(NC(C)C)n1,-4.1,1,,0.0,unique_keep,241.364,2.2340999999999998,62.730000000000004,2,6,5,1,1,16,0.7
Buturon,C#CC(C)N(C)C(=O)Nc1ccc(Cl)cc1,-3.9,1,,0.0,unique_keep,236.70200000000003,2.825400000000001,32.34,1,1,2,1,1,16,0.25
"2,3-Dimethylnaphthalene",Cc1cc2ccccc2cc1C,-4.72,1,,0.0,unique_keep,156.22799999999998,3.456640000000002,0.0,0,0,0,2,2,12,0.16666666666666666
"2,4',5-PCB",Clc1ccc(-c2cc(Cl)ccc2Cl)cc1,-6.25,1,,0.0,unique_keep,257.54699999999997,5.313800000000001,0.0,0,0,1,2,2,15,0.0
"2,3',4,4',5-PCB",Clc1ccc(-c2cc(Cl)c(Cl)c(Cl)c2Cl)c(Cl)c1,-7.39,1,,0.0,unique_keep,360.88200000000006,7.274,0.0,0,0,1,2,2,18,0.0
2-cyanoguanidine,N#CN=C(N)N,-0.31,1,,0.0,unique_keep,84.08200000000002,-1.2591200000000002,88.19,2,2,0,0,0,6,0.0
Chloropicrin,O=[N+]([O-])C(Cl)(Cl)Cl,-2.0,1,,0.0,unique_keep,164.37500000000003,1.5908,43.14,0,2,0,0,0,7,1.0
"2,6-PCB",Clc1cccc(Cl)c1-c1ccccc1,-5.21,1,,0.0,unique_keep,223.102,4.660400000000003,0.0,0,0,1,2,2,14,0.0
p-Methoxybenzaldehyde,COc1ccc(C=O)cc1,-1.49,1,,0.0,unique_keep,136.14999999999998,1.5076999999999998,26.3,0,2,2,1,1,10,0.125
4-Nitroacetanilide,CC(=O)Nc1ccc([N+](=O)[O-])cc1,-2.692,1,,0.0,unique_keep,180.16299999999998,1.5532,72.24,1,3,2,1,1,13,0.125
Ethyl heptanoate,CCCCCCC(=O)OCC,-2.74,1,,0.0,unique_keep,158.24099999999999,2.5199000000000007,26.3,0,2,6,0,0,11,0.8888888888888888
p-Hydroxyacetanilide,CC(=O)Nc1ccc(O)cc1,-1.03,1,,0.0,unique_keep,151.165,1.3505999999999998,49.33,2,2,1,1,1,11,0.125
indazole,c1ccc2[nH]ncc2c1,-2.16,1,,0.0,unique_keep,118.13899999999998,1.5629,28.68,1,1,0,2,2,9,0.0
triamcinolone acetonide,CC1(C)OC2CC3C4CCC5=CC(=O)C=CC5(C)C4(F)C(O)CC3(C)C2(C(=O)CO)O1,-4.31,1,,0.0,unique_keep,434.50400000000025,2.4188000000000005,93.06,2,6,2,5,0,31,0.75
guanine,Nc1nc2[nH]cnc2c(=O)[nH]1,-3.583,1,,0.0,unique_keep,151.129,-0.7716000000000003,100.44999999999999,3,4,0,2,2,11,0.0
Methyl acetate,COC(C)=O,0.46,1,,0.0,unique_keep,74.079,0.17930000000000001,26.3,0,2,0,0,0,5,0.6666666666666666
Stanolone,CC12CCC3C(CCC4CC(=O)CCC43C)C1CCC2O,-4.743,1,,0.0,unique_keep,290.44699999999995,3.9591000000000034,37.3,1,2,0,4,0,21,0.9473684210526315
1-Hexene-3-ol,C=CC(O)CCC,-0.59,1,,0.0,unique_keep,100.161,1.3334,20.23,1,1,3,0,0,7,0.6666666666666666
norbormide,O=C1NC(=O)C2C3C(C(O)(c4ccccc4)c4ccccn4)=CC(C3=C(c3ccccc3)c3ccccn3)C12,-3.931,1,,0.0,unique_keep,511.5810000000002,4.289400000000003,92.18,2,5,5,7,4,39,0.15151515151515152
Dibutyl ether ,CCCCOCCCC,-1.85,1,,0.0,unique_keep,130.231,2.603200000000001,9.23,0,1,6,0,0,9,1.0
1-Dodecanol,CCCCCCCCCCCCO,-4.8,1,,0.0,unique_keep,186.33899999999997,3.8996000000000035,20.23,1,1,10,0,0,13,1.0
RTI 6,CCN1c2nc(N(C)CCO)ccc2NC(=O)c2cccnc21,-3.36,1,,0.0,unique_keep,313.36100000000005,1.6287999999999996,81.59000000000002,2,6,4,3,2,23,0.3125
2-Methyl-2-pentanol,CCCC(C)(C)O,-0.49,1,,0.0,unique_keep,102.17699999999998,1.5574,20.23,1,1,2,0,0,7,1.0
Flucytosine,Nc1nc(=O)[nH]cc1F,-0.972,1,,0.0,unique_keep,129.09399999999997,-0.5088000000000001,71.77,2,3,0,1,1,9,0.0
stadacaine,CCCCOc1ccc(C(=O)OCC)c(N(CC)CC)c1,-3.84,1,,0.0,unique_keep,293.407,3.8884000000000034,38.77,0,4,9,1,1,21,0.5882352941176471
2-Methyl-2-heptanol,CCCCCC(C)(C)O,-1.72,1,,0.0,unique_keep,130.231,2.3376000000000006,20.23,1,1,4,0,0,9,1.0
Hexamethylbenzene,Cc1c(C)c(C)c(C)c(C)c1C,-5.23,1,,0.0,unique_keep,162.27599999999998,3.5371200000000025,0.0,0,0,0,1,1,12,0.5
Thymol,Cc1ccc(C(C)C)c(O)c1,-2.22,1,,0.0,unique_keep,150.221,2.824020000000001,20.23,1,1,1,1,1,11,0.4
Pteridine,c1cnc2ncncc2n1,0.02,1,,0.0,unique_keep,132.12599999999998,0.41979999999999984,51.56,0,4,0,2,2,10,0.0
Parathion,CCOP(=S)(OCC)Oc1ccc([N+](=O)[O-])cc1,-4.66,1,,0.0,unique_keep,291.265,3.2711000000000023,70.83,0,6,7,1,1,18,0.4
Methane,C,-0.9,1,,0.0,unique_keep,16.043,0.6361,0.0,0,0,0,0,0,1,1.0
indoline,c1ccc2c(c1)CCN2,-1.04,1,,0.0,unique_keep,119.16699999999999,1.6545999999999996,12.03,1,1,0,2,1,9,0.25
1-Nitronapthalene,O=[N+]([O-])c1cccc2ccccc12,-3.54,1,,0.0,unique_keep,173.171,2.748000000000001,43.14,0,2,1,2,2,13,0.0
3-Methyl-2-pentanone,CCC(C)C(C)=O,-0.67,1,,0.0,unique_keep,100.16099999999999,1.6215,17.07,0,1,2,0,0,7,0.8333333333333334
isoguanine,Nc1nc(O)nc2nc[nH]c12,-3.401,1,,0.0,unique_keep,151.129,-0.3593,100.71000000000001,3,5,0,2,2,11,0.0
bromadiolone,O=c1oc2ccccc2c(O)c1C(CC(O)c1ccc(-c2ccc(Br)cc2)cc1)c1ccccc1,-4.445,1,,0.0,unique_keep,527.4140000000001,7.183700000000007,70.67,2,4,6,5,5,35,0.1
Nitromethane,C[N+](=O)[O-],0.26,1,,0.0,unique_keep,61.040000000000006,-0.10710000000000008,43.14,0,2,0,0,0,4,1.0
Triallate,CC(C)N(C(=O)SCC(Cl)=C(Cl)Cl)C(C)C,-4.88,1,,0.0,unique_keep,304.6700000000001,4.843900000000003,20.310000000000002,0,2,4,0,0,16,0.7
"1,5-Hexadiene ",C=CCCC=C,-2.68,1,,0.0,unique_keep,82.14599999999999,2.1386000000000003,0.0,0,0,3,0,0,6,0.3333333333333333
Indole,c1ccc2[nH]ccc2c1,-1.52,1,,0.0,unique_keep,117.15099999999997,2.1678999999999995,15.79,1,0,0,2,2,9,0.0
Androstenedione,CC12CCC3C(CCC4=CC(=O)CCC43C)C1CCC2=O,-3.69,1,,0.0,unique_keep,286.415,4.087400000000003,34.14,0,2,0,4,0,21,0.7894736842105263
1-Hexene,C=CCCCC,-3.23,1,,0.0,unique_keep,84.16199999999999,2.3626000000000005,0.0,0,0,3,0,0,6,0.6666666666666666
Xipamide,Cc1cccc(C)c1NC(=O)c1cc(S(N)(=O)=O)c(Cl)cc1O,-3.79,1,,0.0,unique_keep,354.81500000000005,2.5621400000000008,109.49,3,4,3,2,2,23,0.13333333333333333
Ethylcyclohexane,CCC1CCCCC1,-4.25,1,,0.0,unique_keep,112.21600000000001,2.976700000000002,0.0,0,0,1,1,0,8,1.0
2-Nonanone,CCCCCCCC(C)=O,-2.58,1,,0.0,unique_keep,142.242,2.935900000000002,17.07,0,1,6,0,0,10,0.8888888888888888
Mebendazole,COC(=O)Nc1nc2ccc(C(=O)c3ccccc3)cc2[nH]1,-3.88,1,,0.0,unique_keep,295.298,2.972200000000001,84.07999999999998,2,4,3,3,3,22,0.0625
Chloropham,CC(C)OC(=O)Nc1cccc(Cl)c1,-3.38,1,,0.0,unique_keep,213.66400000000002,3.2969000000000017,38.33,1,2,2,1,1,14,0.3
RTI 12,CCN1c2ncccc2C(=O)N(C)c2ccc(Cl)nc21,-4.114,1,,0.0,unique_keep,288.738,2.878000000000001,49.330000000000005,0,4,1,3,2,20,0.21428571428571427
Carbaryl,CNC(=O)Oc1cccc2ccccc12,-3.224,1,,0.0,unique_keep,201.225,2.5580000000000007,38.33,1,2,1,2,2,15,0.08333333333333333
Ethyne,C#C,0.29,1,,0.0,unique_keep,26.037999999999997,0.24939999999999998,0.0,0,0,0,0,0,2,0.0
"3,5-Dimethylpyridine",Cc1cncc(C)c1,0.38,1,,0.0,unique_keep,107.15599999999998,1.69844,12.89,0,1,0,1,1,8,0.2857142857142857
"1,4-Cyclohexadiene",C1=CCC=CC1,-2.06,1,,0.0,unique_keep,80.13,1.8926,0.0,0,0,0,1,0,6,0.3333333333333333
Mecarbam,CCOC(=O)N(C)C(=O)CSP(=S)(OCC)OCC,-2.518,1,,0.0,unique_keep,329.3800000000001,2.6320000000000006,65.07000000000001,0,7,8,0,0,19,0.8
1-Phenylethanol,CC(O)c1ccccc1,-0.92,1,,0.0,unique_keep,122.16699999999996,1.7399,20.23,1,1,1,1,1,9,0.25
"1,2-Dichloropropane",CC(Cl)CCl,-1.6,1,,0.0,unique_keep,112.98700000000001,1.8525,0.0,0,0,1,0,0,5,1.0
2-Ethyl-2-hexanal,CCCC=C(C=O)CC,-2.46,1,,0.0,unique_keep,126.19899999999998,2.3218000000000005,17.07,0,1,4,0,0,9,0.625
Disulfoton,CCOP(=S)(OCC)SCCSCC,-4.23,1,,0.0,unique_keep,274.413,3.7702000000000027,18.46,0,5,9,0,0,14,1.0
methyltestosterone acetate,CC(=O)OC1(C)CCC2C3CCC4=CC(=O)CCC4(C)C3CCC21C,-5.284,1,,0.0,unique_keep,344.4950000000001,4.840100000000005,43.370000000000005,0,3,1,4,0,25,0.8181818181818182
"2,4,6-PCB",Clc1ccc(-c2c(Cl)cccc2Cl)cc1,-6.14,1,,0.0,unique_keep,257.547,5.313800000000002,0.0,0,0,1,2,2,15,0.0
difluron,O=C(NC(=O)c1c(F)cccc1F)Nc1ccc(Cl)cc1,-6.02,1,,0.0,unique_keep,310.687,3.5801000000000016,58.2,2,2,2,2,2,21,0.0
Triclosan,Oc1cc(Cl)ccc1Oc1ccc(Cl)cc1Cl,-4.46,1,,0.0,unique_keep,289.54499999999996,5.144700000000002,29.46,1,2,2,2,2,17,0.0
diisooctyl phthalate,CC(C)CCCCCOC(=O)c1ccccc1C(=O)OCCCCCC(C)C,-6.6370000000000005,1,,0.0,unique_keep,390.5640000000003,6.433000000000007,52.60000000000001,0,4,14,1,1,28,0.6666666666666666
Corticosterone,CC12CCC(=O)C=C1CCC1C2C(O)CC2(C)C(C(=O)CO)CCC12,-3.24,1,,0.0,unique_keep,346.46700000000016,2.6667000000000005,74.6,2,4,2,4,0,25,0.8095238095238095
"1,3,5-Trimethylbenzene ",Cc1cc(C)cc(C)c1,-3.4,1,,0.0,unique_keep,120.19499999999998,2.611860000000001,0.0,0,0,0,1,1,9,0.3333333333333333
dioctyl phthalate,CCCCCCCCOC(=O)c1ccccc1C(=O)OCCCCCCCC,-5.115,1,,0.0,unique_keep,390.56400000000036,6.721200000000008,52.60000000000001,0,4,16,1,1,28,0.6666666666666666
1-Pentadecanol,CCCCCCCCCCCCCCCO,-6.35,1,,0.0,unique_keep,228.41999999999993,5.069900000000006,20.23,1,1,13,0,0,16,1.0
"2,2',6,6'-PCB",Clc1cccc(Cl)c1-c1c(Cl)cccc1Cl,-7.39,1,,0.0,unique_keep,291.99199999999996,5.967200000000002,0.0,0,0,1,2,2,16,0.0
"5,5-Dimethylbarbituric acid",CC1(C)C(=O)NC(=O)NC1=O,-1.742,1,,0.0,unique_keep,156.141,-0.6214000000000002,75.27000000000001,2,3,0,1,0,11,0.5
2-Iodopropane,CC(C)I,-2.09,1,,0.0,unique_keep,169.993,1.8298,0.0,0,0,0,0,0,4,1.0
"1,2-Dinitrobenzene",O=[N+]([O-])c1ccccc1[N+](=O)[O-],-3.1,1,,0.0,unique_keep,168.10799999999995,1.503,86.28,0,4,2,1,1,12,0.0
3-Methyl-2-butanone,CC(=O)C(C)C,-0.12,1,,0.0,unique_keep,86.134,1.2314,17.07,0,1,1,0,0,6,0.8
Hexadecane,CCCCCCCCCCCCCCCC,-8.4,1,,0.0,unique_keep,226.44799999999992,6.487600000000007,0.0,0,0,13,0,0,16,1.0
Tricyclazole,Cc1cccc2sc3nncn3c12,-2.07,1,,0.0,unique_keep,189.24300000000002,2.25242,30.19,0,3,0,3,3,13,0.1111111111111111
2-Octanone,CCCCCCC(C)=O,-2.05,1,,0.0,unique_keep,128.215,2.5458000000000007,17.07,0,1,5,0,0,9,0.875
Methyl nonanoate,CCCCCCCCC(=O)OC,-3.38,1,,0.0,unique_keep,172.268,2.910000000000001,26.3,0,2,7,0,0,12,0.9
"1,4-Difluorobenzene",Fc1ccc(F)cc1,-1.97,1,,0.0,unique_keep,114.094,1.9647999999999999,0.0,0,0,0,1,1,8,0.0
Thalidomide,O=C1CCC(N2C(=O)c3ccccc3C2=O)C(=O)N1,-2.676,1,,0.0,unique_keep,258.23299999999995,0.08779999999999993,83.55000000000001,1,4,1,3,1,19,0.23076923076923078
Trifluralin,CCCN(CCC)c1c([N+](=O)[O-])cc(C(F)(F)F)cc1[N+](=O)[O-],-5.68,1,,0.0,unique_keep,335.28200000000004,4.148200000000004,89.52,0,5,7,1,1,23,0.5384615384615384
Ethanol,CCO,1.1,1,,0.0,unique_keep,46.069,-0.0014000000000000123,20.23,1,1,0,0,0,3,1.0
Cyclopentyl-5-spirobarbituric acid,O=C1NC(=O)C2(CCCC2)C(=O)N1,-2.349,1,,0.0,unique_keep,182.179,-0.08720000000000011,75.27,2,3,0,2,0,13,0.625
Carbetamide,CCNC(=O)C(C)OC(=O)Nc1ccccc1,-1.83,1,,0.0,unique_keep,236.27100000000002,1.7596999999999998,67.42999999999999,2,3,4,1,1,17,0.3333333333333333
phenothrin,CC(C)=CC1C(C(=O)OCc2cccc(Oc3ccccc3)c2)C1(C)C,-5.24,1,,0.0,unique_keep,350.4580000000001,5.760500000000005,35.53,0,3,6,3,2,26,0.34782608695652173
Cycluron,CN(C)C(=O)NC1CCCCCCC1,-2.218,1,,0.0,unique_keep,198.30999999999992,2.3705,32.34,1,1,1,1,0,14,0.9090909090909091
Mirex,ClC1(Cl)C2(Cl)C3(Cl)C4(Cl)C(Cl)(Cl)C5(Cl)C3(Cl)C1(Cl)C5(Cl)C24Cl,-6.8,1,,0.0,unique_keep,545.5460000000003,6.222999999999999,0.0,0,0,0,6,0,22,1.0
1-Bromooctane,CCCCCCCCBr,-5.06,1,,0.0,unique_keep,193.128,3.741800000000003,0.0,0,0,6,0,0,9,1.0
Benomyl,CCCCNC(=O)n1c(NC(=O)OC)nc2ccccc21,-4.883,1,,0.0,unique_keep,290.323,2.572400000000001,85.25,2,4,4,2,2,21,0.35714285714285715
aminopyrine,Cc1c(N(C)C)c(=O)n(-c2ccccc2)n1C,-0.364,1,,0.0,unique_keep,231.29900000000004,1.55042,30.17,0,2,2,2,2,17,0.3076923076923077
3-Pentanol,CCC(O)CC,-0.24,1,,0.0,unique_keep,88.15,1.1673,20.23,1,1,2,0,0,6,1.0
p-Nitrotoluene,Cc1ccc([N+](=O)[O-])cc1,-2.49,1,,0.0,unique_keep,137.138,1.90322,43.14,0,2,1,1,1,10,0.14285714285714285
4-Methylpentanol,CC(C)CCCO,-1.14,1,,0.0,unique_keep,102.17699999999999,1.4149,20.23,1,1,3,0,0,7,1.0
Norethisterone,C#CC1(O)CCC2C3CCC4=CC(=O)CCC4(O)C3CCC21C,-4.57,1,,0.0,unique_keep,314.42500000000007,2.607400000000001,57.53,2,3,0,4,0,23,0.75
bromopropylate,CC(C)OC(=O)C(O)(c1ccc(Br)cc1)c1ccc(Br)cc1,-4.93,1,,0.0,unique_keep,428.12000000000006,4.3991000000000025,46.53,1,3,4,2,2,22,0.23529411764705882
Pyrazon,Nc1cnn(-c2ccccc2)c(=O)c1Cl,-2.878,1,,0.0,unique_keep,221.647,1.4681,60.91,1,3,1,2,2,15,0.0
2-Methylbutan-2-ol,CCC(C)(C)O,0.15,1,,0.0,unique_keep,88.14999999999998,1.1673,20.23,1,1,1,0,0,6,1.0
p-Cresol,Cc1ccc(O)cc1,-0.73,1,,0.0,unique_keep,108.13999999999999,1.7006199999999998,20.23,1,1,0,1,1,8,0.14285714285714285
Ethyl formate,CCOC=O,0.15,1,,0.0,unique_keep,74.07900000000001,0.17930000000000001,26.3,0,2,2,0,0,5,0.6666666666666666
"N,N-Dimethylaniline",CN(C)c1ccccc1,-1.92,1,,0.0,unique_keep,121.18299999999995,1.7526,3.24,0,1,1,1,1,9,0.25
Decalin,C1CCC2CCCCC2C1,-5.19,1,,0.0,unique_keep,138.254,3.3668000000000022,0.0,0,0,0,2,0,10,1.0
Butanethiol ,CCCCS,-2.18,1,,0.0,unique_keep,90.19099999999999,1.7163,0.0,1,1,2,0,0,5,1.0
Benzo(e)pyrene,c1ccc2c(c1)c1cccc3ccc4cccc2c4c31,-7.8,1,,0.0,unique_keep,252.31599999999997,5.737200000000003,0.0,0,0,0,5,5,20,0.0
Tetrachloroethylene,ClC(Cl)=C(Cl)Cl,-2.54,1,,0.0,unique_keep,165.834,3.0682,0.0,0,0,0,0,0,6,0.0
3-Pentanone,CCC(=O)CC,-0.28,1,,0.0,unique_keep,86.134,1.3755,17.07,0,1,2,0,0,6,0.8
Acrylonitrile,C=CC#N,0.15,1,,0.0,unique_keep,53.06399999999999,0.6959799999999999,23.79,0,1,0,0,0,4,0.0
Flumethasone,CC1CC2C3CC(F)C4=CC(=O)C=CC4(C)C3(F)C(O)CC2(C)C1(O)C(=O)CO,-5.613,1,,0.0,unique_keep,410.4570000000002,1.8436999999999997,94.83,3,5,2,4,0,29,0.7272727272727273
2-Hexanone,CCCCC(C)=O,-0.8,1,,0.0,unique_keep,100.16099999999999,1.7656,17.07,0,1,3,0,0,7,0.8333333333333334
Terbumeton,CCNc1nc(NC(C)(C)C)nc(OC)n1,-3.239,1,,0.0,unique_keep,225.296,1.5223999999999998,71.96000000000001,2,6,4,1,1,16,0.7
3-Methylheptane,CCCCC(C)CC,-5.16,1,,0.0,unique_keep,114.23199999999999,3.2227000000000023,0.0,0,0,4,0,0,8,1.0
"1,2-Dibromoethane",BrCCBr,-1.68,1,,0.0,unique_keep,187.862,1.7762,0.0,0,0,1,0,0,4,1.0
Isoprocarb,CNC(=O)Oc1ccccc1C(C)C,-2.863,1,,0.0,unique_keep,193.24599999999998,2.528200000000001,38.33,1,2,2,1,1,14,0.36363636363636365
Niridazole,O=C1NCCN1c1ncc([N+](=O)[O-])s1,-3.22,1,,0.0,unique_keep,214.20600000000002,0.5808999999999997,88.37,1,5,2,2,1,14,0.3333333333333333
Benzo(a)fluorene,c1ccc2c(c1)Cc1c-2ccc2ccccc12,-6.68,1,,0.0,unique_keep,216.283,4.411000000000003,0.0,0,0,0,4,3,17,0.058823529411764705
2-Chloroanisole,COc1ccccc1Cl,-2.46,1,,0.0,unique_keep,142.58499999999998,2.3486000000000002,9.23,0,1,1,1,1,9,0.14285714285714285
Bromophos,COP(=S)(OC)Oc1cc(Cl)c(Br)cc1Cl,-6.09,1,,0.0,unique_keep,366.0,4.652000000000002,27.69,0,4,4,1,1,16,0.25
Quinonamid,O=C(CC(Cl)Cl)NC1=C(Cl)C(=O)c2ccccc2C1=O,-5.03,1,,0.0,unique_keep,332.5700000000001,2.8260000000000005,63.24,1,3,3,2,1,20,0.15384615384615385
Methyl acrylate,C=CC(=O)OC,-0.22,1,,0.0,unique_keep,86.08999999999999,0.34539999999999993,26.3,0,2,1,0,0,6,0.25
Chloroxuron,CN(C)C(=O)Nc1ccc(Oc2ccc(Cl)cc2)cc1,-4.89,1,,0.0,unique_keep,290.75,4.225800000000003,41.57000000000001,1,2,3,2,2,20,0.13333333333333333
Azobenzene,c1ccc(N=Nc2ccccc2)cc1,-4.45,1,,0.0,unique_keep,182.22600000000003,4.102000000000002,24.72,0,2,2,2,2,14,0.0
4-Isopropyltoluene,Cc1ccc(C(C)C)cc1,-3.77,1,,0.0,unique_keep,134.222,3.1184200000000013,0.0,0,0,1,1,1,10,0.4
"2,6-Dichlorophenol",Oc1c(Cl)cccc1Cl,-1.79,1,,0.0,unique_keep,163.003,2.699,20.23,1,1,0,1,1,9,0.0
Sucrose,OCC1OC(OC2(CO)OC(CO)C(O)C2O)C(O)C(O)C1O,0.79,1,,0.0,unique_keep,342.297,-5.395599999999993,189.52999999999997,8,11,5,2,0,23,1.0
d-inositol,OC1C(O)C(O)C(O)C(O)C1O,0.35,1,,0.0,unique_keep,180.156,-3.8346000000000005,121.38000000000001,6,6,0,1,0,12,1.0
Dyphylline,Cn1c(=O)c2c(ncn2CC(O)CO)n(C)c1=O,-0.17,1,,0.0,unique_keep,254.24599999999998,-2.213099999999999,102.28,2,5,3,2,2,18,0.5
Chloramphenicol,O=C(NC(CO)C(O)c1ccc([N+](=O)[O-])cc1)C(Cl)Cl,-2.111,1,,0.0,unique_keep,323.13199999999995,0.9089999999999998,112.70000000000002,3,5,6,1,1,20,0.36363636363636365
3-Ethyl-3-pentanol,CCC(O)(CC)CC,-0.85,1,,0.0,unique_keep,116.204,1.9475,20.23,1,1,3,0,0,8,1.0
Epitostanol,CC12CCC3C(CCC4CC5SC5CC43C)C1CCC2O,-5.41,1,,0.0,unique_keep,306.51500000000004,4.483900000000005,20.23,1,2,0,5,0,21,1.0
"1,2-Dibromobenzene",Brc1ccccc1Br,-3.5,1,,0.0,unique_keep,235.90599999999998,3.2116000000000007,0.0,0,0,0,1,1,8,0.0
"2,4,6-Trichlorophenol",Oc1c(Cl)cc(Cl)cc1Cl,-2.34,1,,0.0,unique_keep,197.44799999999998,3.3523999999999994,20.23,1,1,0,1,1,10,0.0
oryzalin,CCCN(CCC)c1c([N+](=O)[O-])cc(S(N)(=O)=O)cc1[N+](=O)[O-],-5.16,1,,0.0,unique_keep,346.36500000000007,1.7768,149.68,1,7,8,1,1,23,0.5
RTI 20,O=C1c2ccccc2Cc2ccccc2N1CCF,-4.799,1,,0.0,unique_keep,255.29199999999997,3.2071000000000014,20.310000000000002,0,1,2,3,2,19,0.1875
"2,4-Dimethyl-3-pentanone",CC(C)C(=O)C(C)C,-1.3,1,,0.0,unique_keep,114.18799999999997,1.8675,17.07,0,1,2,0,0,8,0.8571428571428571
5-(3-Methyl-2-butenyl)-5-isoPrbarbital,CC(C)=CCC1(C(C)C)C(=O)NC(=O)NC1=O,-2.593,1,,0.0,unique_keep,238.287,1.3510999999999997,75.27000000000001,2,3,3,1,0,17,0.5833333333333334
gentisin,COC1=CC2OC3C=CC(O)=CC3C(=O)C2C(O)=C1,-2.943,1,,0.0,unique_keep,262.26099999999997,1.5528,75.99,2,5,1,3,0,19,0.35714285714285715
Caffeine,Cn1c(=O)c2c(ncn2C)n(C)c1=O,-0.8759999999999999,1,,0.0,unique_keep,194.194,-1.0293,61.82,0,3,0,2,2,14,0.375
Spironolactone,CC(=O)SC1CC2=CC(=O)CCC2(C)C2CCC3(C)C(CCC34CCC(=O)O4)C12,-4.173,1,,0.0,unique_keep,416.58300000000025,4.852300000000005,60.44,0,5,1,5,0,29,0.7916666666666666
"3,4-Dimethylphenol",Cc1ccc(O)cc1C,-1.38,1,,0.0,unique_keep,122.16699999999999,2.0090399999999997,20.23,1,1,0,1,1,9,0.25
Diphenyl ether ,c1ccc(Oc2ccccc2)cc1,-3.96,1,,0.0,unique_keep,170.21099999999998,3.478900000000001,9.23,0,1,2,2,2,13,0.0
"2,2',4,4',5,5'-PCB",Clc1cc(Cl)c(-c2cc(Cl)c(Cl)cc2Cl)cc1Cl,-8.56,1,,0.0,unique_keep,360.88200000000006,7.274000000000001,0.0,0,0,1,2,2,18,0.0
nicotinamide,NC(=O)c1cccnc1,0.61,1,,0.0,unique_keep,122.12699999999997,0.18050000000000016,55.980000000000004,1,2,1,1,1,9,0.0
Thiophenol ,Sc1ccccc1,-2.12,1,,0.0,unique_keep,110.18099999999997,1.9752999999999996,0.0,1,1,0,1,1,7,0.0
XMC,CNC(=O)Oc1cc(C)cc(C)c1,-2.5810000000000004,1,,0.0,unique_keep,179.219,2.02164,38.33,1,2,1,1,1,13,0.3
Chlordane,ClC1=C(Cl)C2(Cl)C3C(Cl)C(Cl)CC3C1(Cl)C2(Cl)Cl,-6.86,1,,0.0,unique_keep,409.78200000000015,5.682800000000001,0.0,0,0,0,3,0,18,0.8
Dimethyldisulfide,CSSC,-1.44,1,,0.0,unique_keep,94.20400000000001,1.6274,0.0,0,2,1,0,0,4,1.0
Benzamide,NC(=O)c1ccccc1,-0.96,1,,0.0,unique_keep,121.13899999999995,0.7855000000000001,43.09,1,1,1,1,1,9,0.0
o-Chlorobromobenzene,Clc1ccccc1Br,-3.19,1,,0.0,unique_keep,191.45499999999998,3.1025,0.0,0,0,0,1,1,8,0.0
Monotropitoside,COC(=O)c1ccccc1OC1OC(COC2OCC(O)C(O)C2O)C(O)C(O)C1O,-0.742,1,,0.0,unique_keep,446.40500000000003,-2.884799999999998,184.6,6,12,6,3,1,31,0.631578947368421
3-Heptanol ,CCCCC(O)CC,-1.47,1,,0.0,unique_keep,116.20399999999998,1.9475,20.23,1,1,4,0,0,8,1.0
RTI 15,CCN1c2ncccc2C(=O)Nc2c(C)cc(C)nc21,-4.553999999999999,1,,0.0,unique_keep,268.32,2.817140000000001,58.120000000000005,1,4,1,3,2,20,0.26666666666666666
"3,5-Dichlorophenol",Oc1cc(Cl)cc(Cl)c1,-1.34,1,,0.0,unique_keep,163.003,2.699,20.23,1,1,0,1,1,9,0.0
1-Methylphenanthrene,Cc1cccc2c1ccc1ccccc12,-5.85,1,,0.0,unique_keep,192.261,4.301420000000003,0.0,0,0,0,3,3,15,0.06666666666666667
2-Ethyl-1-hexanol,CCCCC(CC)CO,-2.11,1,,0.0,unique_keep,130.231,2.1951000000000005,20.23,1,1,5,0,0,9,1.0
Diallate,CC(C)N(C(=O)SCC(Cl)=CCl)C(C)C,-4.2860000000000005,1,,0.0,unique_keep,270.225,4.277400000000004,20.310000000000002,0,2,4,0,0,15,0.7
Toluene ,Cc1ccccc1,-2.21,1,,0.0,unique_keep,92.14099999999999,1.99502,0.0,0,0,0,1,1,7,0.14285714285714285
Nitrapyrin,Clc1cccc(C(Cl)(Cl)Cl)n1,-3.76,1,,0.0,unique_keep,230.909,3.5617,12.89,0,1,0,1,1,11,0.16666666666666666
Cycloheptene,C1=CCCCCC1,-3.18,1,,0.0,unique_keep,96.173,2.5067000000000004,0.0,0,0,0,1,0,7,0.7142857142857143
Thiram,CN(C)C(=S)SSC(=S)N(C)C,-3.9,1,,0.0,unique_keep,240.44400000000002,2.0608,6.48,0,4,0,0,0,12,0.6666666666666666
Griseofulvin,COC1=CC(=O)CC(C)C12Oc1c(Cl)c(OC)cc(OC)c1C2=O,-3.2460000000000004,1,,0.0,unique_keep,352.7700000000001,2.8103000000000007,71.06,0,6,3,3,1,24,0.4117647058823529
1-Decanol,CCCCCCCCCCO,-3.63,1,,0.0,unique_keep,158.285,3.119400000000002,20.23,1,1,8,0,0,11,1.0
"3,3-Dimethylpentane",CCC(C)(C)CC,-4.23,1,,0.0,unique_keep,100.20499999999998,2.832600000000001,0.0,0,0,2,0,0,7,1.0
vamidothion,CNC(=O)C(C)SCCSP(=O)(OC)OC,1.144,1,,0.0,unique_keep,287.34299999999996,1.9881999999999997,64.63000000000001,1,6,8,0,0,16,0.875
"2,3,4,5-Tetrachlorophenol",Oc1cc(Cl)c(Cl)c(Cl)c1Cl,-3.15,1,,0.0,unique_keep,231.893,4.0058,20.23,1,1,0,1,1,11,0.0
Butyraldehyde,CCCC=O,-0.01,1,,0.0,unique_keep,72.107,0.9854,17.07,0,1,2,0,0,5,0.75
dexamethasone acetate,CC(=O)OCC(=O)C1(O)C(C)CC2C3CCC4=CC(=O)C=CC4(C)C3(F)C(O)CC21C,-4.9,1,,0.0,unique_keep,434.5040000000002,2.466500000000001,100.90000000000002,2,6,3,4,0,31,0.7083333333333334
Butane,CCCC,-2.57,1,,0.0,unique_keep,58.123999999999995,1.8064,0.0,0,0,1,0,0,4,1.0
Fluoromethalone,CC(=O)C1(O)CCC2C3CC(C)C4=CC(=O)C=CC4(C)C3(F)C(O)CC21C,-4.099,1,,0.0,unique_keep,376.46800000000013,2.923300000000001,74.6,2,4,1,4,0,27,0.7272727272727273
Pentachloroethane,ClC(Cl)C(Cl)(Cl)Cl,-2.6,1,,0.0,unique_keep,202.29500000000002,3.1603000000000003,0.0,0,0,0,0,0,7,1.0
Diethyl phthalate ,CCOC(=O)c1ccccc1C(=O)OCC,-2.35,1,,0.0,unique_keep,222.23999999999995,2.04,52.60000000000001,0,4,4,1,1,16,0.3333333333333333
2-Methylpropan-1-ol,CC(C)CO,0.1,1,,0.0,unique_keep,74.12299999999999,0.6347,20.23,1,1,1,0,0,5,1.0
Isobutylbenzene,CC(C)Cc1ccccc1,-4.12,1,,0.0,unique_keep,134.22199999999998,2.8851000000000013,0.0,0,0,2,1,1,10,0.4
Diiodomethane,ICI,-2.34,1,,0.0,unique_keep,267.835,1.8139,0.0,0,0,0,0,0,3,1.0
4-Heptanol,CCCC(O)CCC,-1.4,1,,0.0,unique_keep,116.204,1.9475,20.23,1,1,4,0,0,8,1.0
Pentyl acetate,CCCCCOC(C)=O,-1.89,1,,0.0,unique_keep,130.18699999999998,1.7397,26.3,0,2,4,0,0,9,0.8571428571428571
"2,3,5,6-Tetrachlorophenol",Oc1c(Cl)c(Cl)cc(Cl)c1Cl,-3.37,1,,0.0,unique_keep,231.893,4.0058,20.23,1,1,0,1,1,11,0.0
Propylbenzene ,CCCc1ccccc1,-3.37,1,,0.0,unique_keep,120.19499999999995,2.639100000000001,0.0,0,0,2,1,1,9,0.3333333333333333
"1,2-Dichlorotetrafluoroethane",FC(F)(Cl)C(F)(F)Cl,-2.74,1,,0.0,unique_keep,170.92000000000002,2.6495999999999995,0.0,0,0,1,0,0,8,1.0
2-butenal,CC=CC=O,0.32,1,,0.0,unique_keep,70.09100000000001,0.7614000000000001,17.07,0,1,1,0,0,5,0.25
tetramethylurea,CN(C)C(=O)N(C)C,0.94,1,,0.0,unique_keep,116.16399999999999,0.22960000000000003,23.550000000000004,0,1,0,0,0,8,0.8
"1,2,4,5-Tetramethylbenzene",Cc1cc(C)c(C)cc1C,-4.59,1,,0.0,unique_keep,134.22199999999998,2.9202800000000018,0.0,0,0,0,1,1,10,0.4
norethindrone acetate,C#CC1(OC(C)=O)CCC2C3CCC4=CC(=O)CCC4C3CCC21C,-4.8,1,,0.0,unique_keep,340.46300000000014,4.0633000000000035,43.370000000000005,0,3,1,4,0,25,0.7272727272727273
Ditalimfos,CCOP(=S)(OCC)N1C(=O)c2ccccc2C1=O,-3.35,1,,0.0,unique_keep,299.28800000000007,2.5801000000000007,55.84,0,5,5,2,1,19,0.3333333333333333
salicylanilide,O=C(Nc1ccccc1)c1ccccc1O,-3.59,1,,0.0,unique_keep,213.236,2.644500000000001,49.33,2,2,2,2,2,16,0.0
Sulfallate,C=C(Cl)CSC(=S)N(CC)CC,-3.39,1,,0.0,unique_keep,223.79399999999998,3.0988000000000016,3.24,0,2,4,0,0,12,0.625
Chloroethane,CCCl,-1.06,1,,0.0,unique_keep,64.515,1.2451,0.0,0,0,0,0,0,3,1.0
Mefluidide,CC(=O)Nc1cc(NS(=O)(=O)C(F)(F)F)c(C)cc1C,-3.24,1,,0.0,unique_keep,310.297,2.52334,75.27000000000001,2,3,3,1,1,20,0.36363636363636365
Piperine,O=C(C=CC=Cc1ccc2c(c1)OCO2)N1CCCCC1,-3.46,1,,0.0,unique_keep,285.343,2.997200000000001,38.77,0,3,3,3,1,21,0.35294117647058826
cis-2-Pentene,C/C=C\CC,-2.54,1,,0.0,unique_keep,70.135,1.9725,0.0,0,0,1,0,0,5,0.6
thiofanox,CNC(=O)ON=C(CSC)C(C)(C)C,-1.62,1,,0.0,unique_keep,218.32199999999997,2.1075,50.69,1,4,3,0,0,14,0.7777777777777778
Cyclooctyl-5-spirobarbituric acid,O=C1NC(=O)C2(CCCCCCC2)C(=O)N1,-2.982,1,,0.0,unique_keep,224.25999999999996,1.0831,75.27,2,3,0,2,0,16,0.7272727272727273
butacarb,CNC(=O)Oc1cc(C(C)(C)C)cc(C(C)(C)C)c1,-4.24,1,,0.0,unique_keep,263.381,3.999800000000003,38.33,1,2,1,1,1,19,0.5625
Eriodictyol,O=C1CC(c2ccc(O)c(O)c2)Oc2cc(O)cc(O)c21,-3.62,1,,0.0,unique_keep,288.25500000000005,2.215500000000001,107.22000000000001,4,6,1,3,2,21,0.13333333333333333
Benzophenone,O=C(c1ccccc1)c1ccccc1,-3.12,1,,0.0,unique_keep,182.222,2.917600000000001,17.07,0,1,2,2,2,14,0.0
Eicosane,CCCCCCCCCCCCCCCCCCCC,-8.172,1,,0.0,unique_keep,282.5559999999999,8.048000000000007,0.0,0,0,17,0,0,20,1.0
hydrazobenzene,c1ccc(NNc2ccccc2)cc1,-2.92,1,,0.0,unique_keep,184.24200000000002,3.1256000000000013,24.06,2,2,3,2,2,14,0.0
2-Ethyl-1-butanol,CCC(CC)CO,-1.17,1,,0.0,unique_keep,102.17699999999999,1.4149,20.23,1,1,3,0,0,7,1.0
4-hydroxypyridine,Oc1ccncc1,1.02,1,,0.0,unique_keep,95.10099999999998,0.7871999999999999,33.120000000000005,1,2,0,1,1,7,0.0
"cis 1,2-Dichloroethylene",Cl/C=C\Cl,-1.3,1,,0.0,unique_keep,96.94400000000002,1.9352,0.0,0,0,0,0,0,4,0.0
Methylcyclopentane,CC1CCCC1,-3.3,1,,0.0,unique_keep,84.162,2.1965000000000003,0.0,0,0,0,1,0,6,1.0
4-Methyl-2-pentanol,CC(C)CC(C)O,-0.8,1,,0.0,unique_keep,102.17699999999998,1.4133,20.23,1,1,2,0,0,7,1.0
RTI 11,Cc1ccc2c(c1)C(=O)N(C)c1cc(N)ccc1O2,-3.928,1,,0.0,unique_keep,254.289,2.9595200000000004,55.56,1,3,0,3,2,19,0.13333333333333333
"2,2-Dimethylpropanol",CC(C)(C)CO,-0.4,1,,0.0,unique_keep,88.14999999999999,1.0248,20.23,1,1,0,0,0,6,1.0
Triadimefon,CC(C)(C)C(=O)C(Oc1ccc(Cl)cc1)n1cncn1,-3.61,1,,0.0,unique_keep,293.754,3.1243000000000016,57.010000000000005,0,4,4,2,2,20,0.35714285714285715
Isocarboxazid,Cc1cc(C(=O)NNCc2ccccc2)no1,-2.461,1,,0.0,unique_keep,231.25500000000002,1.4176199999999997,67.16,2,4,4,2,2,17,0.16666666666666666
Propylene,C=CC,-1.08,1,,0.0,unique_keep,42.080999999999996,1.1923,0.0,0,0,0,0,0,3,0.3333333333333333
Dichlorophen,Oc1ccc(Cl)cc1Cc1cc(Cl)ccc1O,-3.953,1,,0.0,unique_keep,269.127,3.9954000000000023,40.46,2,2,2,2,2,17,0.07692307692307693
Desmedipham,CCOC(=O)Nc1cccc(OC(=O)Nc2ccccc2)c1,-4.632,1,,0.0,unique_keep,300.314,3.8659000000000017,76.66,2,4,4,2,2,22,0.125
Anthraquinone,O=C1c2ccccc2C(=O)c2ccccc21,-5.19,1,,0.0,unique_keep,208.21599999999998,2.4620000000000006,34.14,0,2,0,3,2,16,0.0
2-Octanol,CCCCCCC(C)O,-2.09,1,,0.0,unique_keep,130.231,2.3376000000000006,20.23,1,1,5,0,0,9,1.0
Oxycarboxin,CC1=C(C(=O)Nc2ccccc2)S(=O)(=O)CCO1,-2.281,1,,0.0,unique_keep,267.306,1.3016,72.47,1,4,2,2,1,18,0.25
Butylbenzene,CCCCc1ccccc1,-4.06,1,,0.0,unique_keep,134.22199999999998,3.0292000000000012,0.0,0,0,3,1,1,10,0.4
parabanic acid,O=C1NC(=O)C(=O)N1,-0.4,1,,0.0,unique_keep,114.05999999999999,-1.6476000000000002,75.27,2,3,0,1,0,8,0.0
Abate,COP(=S)(OC)Oc1ccc(Sc2ccc(OP(=S)(OC)OC)cc2)cc1,-6.237,1,,0.0,unique_keep,466.47900000000016,5.630000000000004,55.38000000000001,0,9,10,2,2,27,0.25
Chlorthalidone,NS(=O)(=O)c1cc(C2(O)NC(=O)c3ccccc32)ccc1Cl,-3.451,1,,0.0,unique_keep,338.77200000000005,0.9242000000000001,109.49000000000001,3,4,2,3,2,22,0.07142857142857142
Isobutyl acetate,CC(=O)OCC(C)C,-1.21,1,,0.0,unique_keep,116.16,1.2055,26.3,0,2,2,0,0,8,0.8333333333333334
"2,2,3-Trimethylbutane",CC(C)C(C)(C)C,-4.36,1,,0.0,unique_keep,100.20499999999998,2.6885000000000012,0.0,0,0,0,0,0,7,1.0
"2,3,3',4,4'6-PCB",Clc1ccc(-c2c(Cl)cc(Cl)c(Cl)c2Cl)c(Cl)c1Cl,-7.66,1,,0.0,unique_keep,395.3270000000001,7.9274000000000004,0.0,0,0,1,2,2,19,0.0
Phthalonitrile,N#Cc1ccccc1C#N,-2.38,1,,0.0,unique_keep,128.13399999999996,1.4299600000000001,47.58,0,2,0,1,1,10,0.0
m-Nitrotoluene,Cc1cccc([N+](=O)[O-])c1,-2.44,1,,0.0,unique_keep,137.138,1.90322,43.14,0,2,1,1,1,10,0.14285714285714285
halothane,FC(F)(F)C(Cl)Br,-1.71,1,,0.0,unique_keep,197.381,2.5084999999999997,0.0,0,0,0,0,0,7,1.0
Oxamyl,CNC(=O)ON=C(SC)C(=O)N(C)C,0.106,1,,0.0,unique_keep,219.266,0.10709999999999997,70.99999999999999,1,5,1,0,0,14,0.5714285714285714
Thiometon,CCSCCSP(=S)(OC)OC,-3.091,1,,0.0,unique_keep,246.35899999999998,2.990000000000001,18.46,0,5,7,0,0,12,1.0
2-Methylbutane,CCC(C)C,-3.18,1,,0.0,unique_keep,72.151,2.0524,0.0,0,0,1,0,0,5,1.0
Stirofos,COP(=O)(OC)OC(=CCl)c1cc(Cl)c(Cl)cc1Cl,-4.522,1,,0.0,unique_keep,365.96400000000006,5.6015000000000015,44.760000000000005,0,4,5,1,1,19,0.2
